,0
producten,main_cat_cluster 1
podcast,main_cat_cluster 4
artikelen,main_cat_cluster 7
themas,main_cat_cluster 1
vacatures,main_cat_cluster 5
zoeken,main_cat_cluster 1
communiceren-in-de-zorg,main_cat_cluster 1
agenda,main_cat_cluster 1
medewerkers,main_cat_cluster 5
actueel,main_cat_cluster 2
medicatieveiligheid,main_cat_cluster 1
diensten,main_cat_cluster 1
hulpmiddelen,main_cat_cluster 1
,main_cat_cluster 3
verbeteren-ouderenzorg,main_cat_cluster 1
nieuws,main_cat_cluster 1
docs,main_cat_cluster 1
volwaardig-leven,main_cat_cluster 6
praktijk,main_cat_cluster 7
vrijheidsbeperking,main_cat_cluster 1
eten-en-drinken,main_cat_cluster 1
websites,main_cat_cluster 1
valpreventie-ouderen,main_cat_cluster 1
projecten,main_cat_cluster 1
dementienetwerken,main_cat_cluster 5
verslagen,main_cat_cluster 2
juridische-kennis,main_cat_cluster 6
contact,main_cat_cluster 2
onderzoek,main_cat_cluster 7
kennis-delen,main_cat_cluster 1
vergoedingen,main_cat_cluster 1
hygiene,main_cat_cluster 1
zoek,main_cat_cluster 1
huidletsel,main_cat_cluster 1
over-ons,main_cat_cluster 2
niet-aangeboren-hersenletsel,main_cat_cluster 7
tips,main_cat_cluster 6
inclusie,main_cat_cluster 4
lesmateriaal,main_cat_cluster 7
zorgpleefplan,main_cat_cluster 1
tools,main_cat_cluster 6
e-card,main_cat_cluster 7
mantelzorg,main_cat_cluster 1
ouders-met-beperking,main_cat_cluster 4
persoonsgerichte-zorg,main_cat_cluster 7
handtekening,main_cat_cluster 4
dementie,main_cat_cluster 1
deelnemers,main_cat_cluster 7
ouderen,main_cat_cluster 2
diversiteit-in-de-zorg,main_cat_cluster 7
risicosignalering,main_cat_cluster 1
probleemgedrag-ouderen,main_cat_cluster 1
zorg-en-dwang,main_cat_cluster 6
Pub,main_cat_cluster 6
niet-pluis-dementie,main_cat_cluster 4
vroegopsporing,main_cat_cluster 4
palliatieve-zorg,main_cat_cluster 1
voor-ouderen,main_cat_cluster 6
op-locatie,main_cat_cluster 3
veranderingen-langdurige-zorg,main_cat_cluster 7
vrijwilligerswerk-ouderen,main_cat_cluster 7
gezondheid,main_cat_cluster 1
nieuwsbrief,main_cat_cluster 2
zelfredzaamheid,main_cat_cluster 1
mondzorg,main_cat_cluster 1
ondersteuningsplan,main_cat_cluster 1
category,main_cat_cluster 4
ernstige-meervoudige-beperking,main_cat_cluster 6
tijd-zorg,main_cat_cluster 1
technologie-en-apps,main_cat_cluster 1
verzorgend-wassen,main_cat_cluster 1
familieparticipatie,main_cat_cluster 1
levensvragen-ouderen,main_cat_cluster 7
depressie,main_cat_cluster 1
aanvullende-informatie,main_cat_cluster 2
seksualiteit,main_cat_cluster 7
zorgleefplan,main_cat_cluster 1
evaluatiekick2019,main_cat_cluster 4
programmas,main_cat_cluster 0
inloggen,main_cat_cluster 7
bc=,main_cat_cluster 4
keuzehulpen,main_cat_cluster 7
informatie,main_cat_cluster 1
leeromgeving,main_cat_cluster 1
vilans,main_cat_cluster 1
page,main_cat_cluster 5
diagnose-dementie,main_cat_cluster 0
probleemgedrag,main_cat_cluster 2
wat-werkt,main_cat_cluster 5
thema-s,main_cat_cluster 5
hoofdlijnen,main_cat_cluster 2
lokaal-samenwerken,main_cat_cluster 2
vlogs,main_cat_cluster 5
mrsa-brmo,main_cat_cluster 1
grensoverschrijdend-gedrag,main_cat_cluster 7
ondersteuningsvragen,main_cat_cluster 1
ondersteuning-aanvragen,main_cat_cluster 3
incontinentie,main_cat_cluster 1
eigen-regie,main_cat_cluster 1
inspiratieflits,main_cat_cluster 5
cms,main_cat_cluster 5
verstandelijke-beperking,main_cat_cluster 1
databank-interventies,main_cat_cluster 1
onvrijwillige-zorg,main_cat_cluster 5
blijven-leren,main_cat_cluster 1
eigen,main_cat_cluster 5
mobiliteit,main_cat_cluster 5
specialist-ouderengeneeskunde,main_cat_cluster 5
reset-wachtwoord,main_cat_cluster 3
thema-overzicht,main_cat_cluster 1
verhuizen-naar-verpleeghuis,main_cat_cluster 1
participatie,main_cat_cluster 5
licht-verstandelijke-beperking,main_cat_cluster 1
geheugenpoli,main_cat_cluster 5
event,main_cat_cluster 5
gehandicaptensector,main_cat_cluster 1
zingeving,main_cat_cluster 7
epilepsie,main_cat_cluster 1
nieuws-wie-is-wie-netwerk-tool,main_cat_cluster 1
vraag-aan-contactpersoon,main_cat_cluster 5
oudere-clienten,main_cat_cluster 1
tool,main_cat_cluster 0
cookiebeleid,main_cat_cluster 1
kennis,main_cat_cluster 3
dagbesteding,main_cat_cluster 1
visuele-beperking,main_cat_cluster 7
getdoc,main_cat_cluster 5
preventie,main_cat_cluster 0
samenwerken-in-de-wijk,main_cat_cluster 1
onze-vacatures,main_cat_cluster 0
teamlearninghaccp,main_cat_cluster 1
kennisvragenghz,main_cat_cluster 1
teamlearningHACCP,main_cat_cluster 3
bijeenkomsten,main_cat_cluster 3
