"Stad";"Gemeente"
"Aadorp";"Almelo"
"Aagtekerke";"Veere"
"Aalden";"Coevorden"
"Aalsmeer";"Aalsmeer"
"Aalsmeerderbrug";"Haarlemmermeer"
"Aalst";"Zaltbommel"
"Aalsum";"Dongeradeel"
"Aalten";"Aalten"
"Ter Aar";"Nieuwkoop"
"Ter Aard";"Assen"
"Aardenburg";"Sluis"
"Aarlanderveen";"AlphenaandenRijn"
"Aarle-Rixtel";"Laarbeek"
"Aartswoud";"Opmeer"
"Abbega";"Súdwest-Fryslân"
"Abbekerk";"Medemblik"
"Abbenbroek";"Nissewaard"
"Abbenes";"Haarlemmermeer"
"Abcoude";"DeRondeVenen"
"Achlum";"Franekeradeel"
"Achterveld";"Barneveld"
"Achterveld";"Leusden"
"Achthuizen";"Goeree-Overflakkee"
"Achtmaal";"Zundert"
"Acquoy";"Geldermalsen"
"Adorp";"Winsum"
"Aduard";"Zuidhorn"
"Aerdenhout";"Bloemendaal"
"Aerdt";"Rijnwaarden"
"Afferden";"Druten"
"Afferden L";"Bergen(L.)"
"Agelo";"Dinkelland"
"Akersloot";"Castricum"
"Akkrum";"Heerenveen"
"Akmarijp";"DeFryskeMarren"
"Albergen";"Tubbergen"
"Alblasserdam";"Alblasserdam"
"Alde Leie";"Leeuwarderadeel"
"Aldeboarn";"Heerenveen"
"Aldtsjerk";"Tytsjerksteradiel"
"Alem";"Maasdriel"
"Alkmaar";"Alkmaar"
"Allingawier";"Súdwest-Fryslân"
"Almelo";"Almelo"
"Almen";"Lochem"
"Almere";"Almere"
"Almkerk";"Woudrichem"
"Alphen";"WestMaasenWaal"
"Alphen";"Alphen-Chaam"
"Alphen aan den Rijn";"AlphenaandenRijn"
"Alteveer";"Noordenveld"
"Alteveer";"Stadskanaal"
"Alteveer";"DeWolden"
"Alteveer gem Hoogeveen";"Hoogeveen"
"Altforst";"WestMaasenWaal"
"Ambt Delden";"HofvanTwente"
"Ameide";"Zederik"
"Amen";"AaenHunze"
"America";"HorstaandeMaas"
"Amerongen";"UtrechtseHeuvelrug"
"Amersfoort";"Amersfoort"
"Ammerstol";"Krimpenerwaard"
"Ammerzoden";"Maasdriel"
"Amstelhoek";"DeRondeVenen"
"Amstelveen";"Amstelveen"
"Amstenrade";"Schinnen"
"Amsterdam";"Amsterdam"
"Amsterdam-Duivendrecht";"Ouder-Amstel"
"Andel";"Woudrichem"
"Den Andel";"Winsum"
"Andelst";"Overbetuwe"
"Anderen";"AaenHunze"
"Andijk";"Medemblik"
"Ane";"Hardenberg"
"Anerveen";"Hardenberg"
"Anevelde";"Hardenberg"
"Angeren";"Lingewaard"
"Angerlo";"Zevenaar"
"Anjum";"Dongeradeel"
"Ankeveen";"Wijdemeren"
"Anloo";"AaenHunze"
"Anna Paulowna";"HollandsKroon"
"Annen";"AaenHunze"
"Annerveenschekanaal";"AaenHunze"
"Ansen";"Westerveld"
"Ansen";"DeWolden"
"Ter Apel";"Vlagtwedde"
"Apeldoorn";"Apeldoorn"
"Ter Apelkanaal";"Vlagtwedde"
"Appelscha";"Ooststellingwerf"
"Appeltern";"WestMaasenWaal"
"Appingedam";"Appingedam"
"Arcen";"Venlo"
"Arkel";"Giessenlanden"
"Arnemuiden";"Middelburg"
"Arnhem";"Arnhem"
"Arriën";"Ommen"
"Arum";"Súdwest-Fryslân"
"Asch";"Buren"
"Asperen";"Lingewaal"
"Assen";"Assen"
"Assendelft";"Zaanstad"
"Asten";"Asten"
"Augsbuurt";"KollumerlandenNieuwkruisland"
"Augustinusga";"Achtkarspelen"
"Austerlitz";"Zeist"
"Avenhorn";"Koggenland"
"Axel";"Terneuzen"
"Azewijn";"Montferland"
"Baaiduinen";"Terschelling"
"Baaium";"Littenseradiel"
"Baak";"Bronckhorst"
"Baambrugge";"DeRondeVenen"
"Baard";"Littenseradiel"
"Baarland";"Borsele"
"Baarle-Nassau";"Baarle-Nassau"
"Baarlo";"PeelenMaas"
"Baarlo";"Steenwijkerland"
"Baarn";"Baarn"
"Baars";"Steenwijkerland"
"Babberich";"Zevenaar"
"Babyloniënbroek";"Aalburg"
"Bad Nieuweschans";"Oldambt"
"Badhoevedorp";"Haarlemmermeer"
"Baexem";"Leudal"
"Baflo";"Winsum"
"Bakel";"Gemert-Bakel"
"Bakhuizen";"DeFryskeMarren"
"Bakkeveen";"Opsterland"
"Balgoij";"Wijchen"
"Balinge";"Midden-Drenthe"
"Balk";"DeFryskeMarren"
"Balkbrug";"Hardenberg"
"Balloërveld";"AaenHunze"
"Balloo";"AaenHunze"
"Ballum";"Ameland"
"Baneheide";"Simpelveld"
"Banholt";"Eijsden-Margraten"
"Bant";"Noordoostpolder"
"Bantega";"DeFryskeMarren"
"Barchem";"Lochem"
"Barendrecht";"Barendrecht"
"Barger-Compascuum";"Emmen"
"Barneveld";"Barneveld"
"Barsingerhorn";"HollandsKroon"
"Basse";"Steenwijkerland"
"Batenburg";"Wijchen"
"Bathmen";"Deventer"
"Bavel";"Breda"
"Bavel AC";"Alphen-Chaam"
"Bears";"Littenseradiel"
"Bedum";"Bedum"
"Beegden";"Maasgouw"
"Beek";"Beek"
"Beek";"Montferland"
"Beek";"BergenDal"
"Beek en Donk";"Laarbeek"
"Beekbergen";"Apeldoorn"
"Beemte Broekland";"Apeldoorn"
"Beers NB";"Cuijk"
"Beerta";"Oldambt"
"Beerze";"Ommen"
"Beerzerveld";"Ommen"
"Beesd";"Geldermalsen"
"Beesel";"Beesel"
"Beets";"Edam-Volendam"
"Beetsterzwaag";"Opsterland"
"Beilen";"Midden-Drenthe"
"Beinsdorp";"Haarlemmermeer"
"Belfeld";"Venlo"
"Bellingwolde";"Bellingwedde"
"Beltrum";"Berkelland"
"Belt-Schutsloot";"Steenwijkerland"
"Bemelen";"Eijsden-Margraten"
"Bemmel";"Lingewaard"
"Beneden-Leeuwen";"WestMaasenWaal"
"Bennebroek";"Bloemendaal"
"Bennekom";"Ede"
"Benneveld";"Coevorden"
"Benningbroek";"Medemblik"
"Benschop";"Lopik"
"Bentelo";"HofvanTwente"
"Benthuizen";"AlphenaandenRijn"
"Bentveld";"Zandvoort"
"Berg en Dal";"BergenDal"
"Berg en Terblijt";"ValkenburgaandeGeul"
"Bergambacht";"Krimpenerwaard"
"Bergeijk";"Bergeijk"
"Bergen (NH)";"Bergen(NH.)"
"Bergen aan Zee";"Bergen(NH.)"
"Bergen L";"Bergen(L.)"
"Bergen op Zoom";"BergenopZoom"
"Bergentheim";"Hardenberg"
"Bergharen";"Wijchen"
"Berghem";"Oss"
"Bergschenhoek";"Lansingerland"
"Beringe";"PeelenMaas"
"Berkel en Rodenrijs";"Lansingerland"
"Berkel-Enschot";"Tilburg"
"Berkenwoude";"Krimpenerwaard"
"Berkhout";"Koggenland"
"Berlicum";"Sint-Michielsgestel"
"Berltsum";"Menameradiel"
"Bern";"Zaltbommel"
"Best";"Best"
"Beugen";"Boxmeer"
"Beuningen";"Losser"
"Beuningen Gld";"Beuningen"
"Beusichem";"Buren"
"Beutenaken";"Gulpen-Wittem"
"Beverwijk";"Beverwijk"
"Biddinghuizen";"Dronten"
"Bierum";"Delfzijl"
"Biervliet";"Terneuzen"
"Biervliet";"Sluis"
"Biest-Houtakker";"Hilvarenbeek"
"Biezenmortel";"Haaren"
"Biggekerke";"Veere"
"De Bilt";"DeBilt"
"Bilthoven";"DeBilt"
"Bingelrade";"Onderbanken"
"Bitgum";"Menameradiel"
"Bitgummole";"Menameradiel"
"Bladel";"Bladel"
"Blankenham";"Steenwijkerland"
"Blaricum";"Blaricum"
"Blauwestad";"Oldambt"
"Blauwhuis";"Súdwest-Fryslân"
"Bleiswijk";"Lansingerland"
"Blesdijke";"Weststellingwerf"
"Bleskensgraaf ca";"Molenwaard"
"De Blesse";"Weststellingwerf"
"Blessum";"Menameradiel"
"Blije";"Ferwerderadiel"
"Blijham";"Bellingwedde"
"Blitterswijck";"Venray"
"Bloemendaal";"Bloemendaal"
"Blokker";"Hoorn"
"Blokzijl";"Steenwijkerland"
"Boazum";"Littenseradiel"
"Bocholtz";"Simpelveld"
"Bodegraven";"Bodegraven-Reeuwijk"
"Boekel";"Boekel"
"Boelenslaan";"Achtkarspelen"
"Boer";"Franekeradeel"
"Ten Boer";"TenBoer"
"Boerakker";"Marum"
"Boerakker";"Leek"
"Boesingheliede";"Haarlemmermeer"
"Boijl";"Weststellingwerf"
"Boksum";"Menameradiel"
"Bolsward";"Súdwest-Fryslân"
"Den Bommel";"Goeree-Overflakkee"
"Bontebok";"Heerenveen"
"Boornbergum";"Smallingerland"
"Boornzwaag";"DeFryskeMarren"
"Borculo";"Berkelland"
"Borger";"Borger-Odoorn"
"Borgercompagnie";"Menterwolde"
"Borgercompagnie";"Veendam"
"Borgsweer";"Delfzijl"
"Born";"Sittard-Geleen"
"Borne";"Borne"
"Bornerbroek";"Almelo"
"Bornwird";"Dongeradeel"
"Borssele";"Borsele"
"Bosch en Duin";"Zeist"
"Boschoord";"Westerveld"
"Boskoop";"AlphenaandenRijn"
"Bosschenhoofd";"Halderberge"
"Botlek Rotterdam";"Rotterdam"
"Bourtange";"Vlagtwedde"
"Bovenkarspel";"StedeBroec"
"Boven-Leeuwen";"WestMaasenWaal"
"Bovensmilde";"Midden-Drenthe"
"Boxmeer";"Boxmeer"
"Boxtel";"Boxtel"
"Braamt";"Montferland"
"Brakel";"Zaltbommel"
"Brandwijk";"Molenwaard"
"Brantgum";"Dongeradeel"
"Breda";"Breda"
"Bredevoort";"Aalten"
"Breedenbroek";"OudeIJsselstreek"
"Breezand";"HollandsKroon"
"Breezanddijk";"Súdwest-Fryslân"
"Breskens";"Sluis"
"Breukelen";"StichtseVecht"
"Breukeleveen";"Wijdemeren"
"Brielle";"Brielle"
"Briltil";"Zuidhorn"
"Britsum";"Leeuwarderadeel"
"Britswert";"Littenseradiel"
"Broek";"DeFryskeMarren"
"Broek in Waterland";"Waterland"
"Broek op Langedijk";"Langedijk"
"Broekhuizen";"HorstaandeMaas"
"Broekhuizen";"Meppel"
"Broekhuizenvorst";"HorstaandeMaas"
"Broekland";"Raalte"
"Broeksterwâld";"Dantumadiel"
"Bronkhorst";"Bronckhorst"
"Bronneger";"Borger-Odoorn"
"Bronnegerveen";"Borger-Odoorn"
"Brouwershaven";"Schouwen-Duiveland"
"Bruchem";"Zaltbommel"
"Brucht";"Hardenberg"
"Bruchterveld";"Hardenberg"
"Bruinehaar";"Twenterand"
"Bruinisse";"Schouwen-Duiveland"
"Brummen";"Brummen"
"Brunssum";"Brunssum"
"Bruntinge";"Midden-Drenthe"
"Buchten";"Sittard-Geleen"
"Budel";"Cranendonck"
"Budel-Dorplein";"Cranendonck"
"Budel-Schoot";"Cranendonck"
"Buggenum";"Leudal"
"Buinen";"Borger-Odoorn"
"Buinerveen";"Borger-Odoorn"
"Buitenkaag";"Haarlemmermeer"
"Buitenpost";"Achtkarspelen"
"De Bult";"Steenwijkerland"
"Bunde";"Meerssen"
"Bunne";"Tynaarlo"
"Bunnik";"Bunnik"
"Bunschoten-Spakenburg";"Bunschoten"
"Burdaard";"Ferwerderadiel"
"Buren";"Ameland"
"Buren";"Buren"
"Den Burg";"Texel"
"Burgerbrug";"Schagen"
"Burgerveen";"Haarlemmermeer"
"Burgh-Haamstede";"Schouwen-Duiveland"
"Burgum";"Tytsjerksteradiel"
"Burgwerd";"Súdwest-Fryslân"
"Burum";"KollumerlandenNieuwkruisland"
"Bussum";"GooiseMeren"
"Buurmalsen";"Buren"
"Buurmalsen";"Geldermalsen"
"Cadier en Keer";"Eijsden-Margraten"
"Cadzand";"Sluis"
"Callantsoog";"Schagen"
"Capelle aan den IJssel";"CapelleaandenIJssel"
"Castelre";"Baarle-Nassau"
"Castenray";"Venray"
"Casteren";"Bladel"
"Castricum";"Castricum"
"Chaam";"Alphen-Chaam"
"Clinge";"Hulst"
"De Cocksdorp";"Texel"
"Coevorden";"Coevorden"
"Colijnsplaat";"Noord-Beveland"
"Collendoorn";"Hardenberg"
"Colmschate";"Deventer"
"Cornwerd";"Súdwest-Fryslân"
"Cothen";"WijkbijDuurstede"
"Creil";"Noordoostpolder"
"Cromvoirt";"Vught"
"Cruquius";"Haarlemmermeer"
"Cuijk";"Cuijk"
"Culemborg";"Culemborg"
"Daarle";"Hellendoorn"
"Daarlerveen";"Hellendoorn"
"Dalem";"Gorinchem"
"Dalen";"Coevorden"
"Dalerpeel";"Coevorden"
"Dalerveen";"Coevorden"
"Dalfsen";"Dalfsen"
"Dalmsholte";"Ommen"
"Damwâld";"Dantumadiel"
"Darp";"Westerveld"
"Dearsum";"Súdwest-Fryslân"
"Dedemsvaart";"Hardenberg"
"Dedgum";"Súdwest-Fryslân"
"Deelen";"Ede"
"Deest";"Druten"
"Deil";"Geldermalsen"
"Deinum";"Menameradiel"
"Delden";"HofvanTwente"
"Delfgauw";"Pijnacker-Nootdorp"
"Delfstrahuizen";"DeFryskeMarren"
"Delft";"Delft"
"Delfzijl";"Delfzijl"
"Delwijnen";"Zaltbommel"
"Demen";"Oss"
"Denekamp";"Dinkelland"
"Deurne";"Deurne"
"Deurningen";"Oldenzaal"
"Deurningen";"Dinkelland"
"Deursen-Dennenburg";"Oss"
"Deurze";"AaenHunze"
"Deventer";"Deventer"
"Didam";"Montferland"
"Dieden";"Oss"
"Diemen";"Diemen"
"Diepenheim";"HofvanTwente"
"Diepenveen";"Deventer"
"Dieren";"Rheden"
"Diessen";"Hilvarenbeek"
"Diever";"Westerveld"
"Dieverbrug";"Westerveld"
"Diffelen";"Hardenberg"
"Dijken";"DeFryskeMarren"
"Dinteloord";"Steenbergen"
"Dinxperlo";"Aalten"
"Diphoorn";"Coevorden"
"Dirkshorn";"Schagen"
"Dirksland";"Goeree-Overflakkee"
"Dodewaard";"Neder-Betuwe"
"Doenrade";"Schinnen"
"Doesburg";"Doesburg"
"Doetinchem";"Doetinchem"
"Doeveren";"Heusden"
"Doezum";"Grootegast"
"Dokkum";"Dongeradeel"
"Den Dolder";"Zeist"
"Doldersum";"Westerveld"
"Domburg";"Veere"
"Donderen";"Tynaarlo"
"Dongen";"Dongen"
"Dongjum";"Franekeradeel"
"Doniaga";"DeFryskeMarren"
"Donkerbroek";"Ooststellingwerf"
"Doorn";"UtrechtseHeuvelrug"
"Doornenburg";"Lingewaard"
"Doornspijk";"Elburg"
"Doorwerth";"Renkum"
"Dordrecht";"Dordrecht"
"Dorst";"Oosterhout"
"Drachten";"Smallingerland"
"Drachten-Azeven";"Opsterland"
"Drachtstercompagnie";"Smallingerland"
"Dreischor";"Schouwen-Duiveland"
"Drempt";"Bronckhorst"
"Dreumel";"WestMaasenWaal"
"Driebergen-Rijsenburg";"UtrechtseHeuvelrug"
"Drieborg";"Oldambt"
"Driebruggen";"Bodegraven-Reeuwijk"
"Driehuis NH";"Velsen"
"Driehuizen";"Alkmaar"
"Driel";"Overbetuwe"
"Driewegen";"Borsele"
"Driezum";"Dantumadiel"
"Drijber";"Midden-Drenthe"
"Drimmelen";"Drimmelen"
"Drogeham";"Achtkarspelen"
"Drogteropslagen";"DeWolden"
"Drongelen";"Aalburg"
"Dronryp";"Menameradiel"
"Dronten";"Dronten"
"Drouwen";"Borger-Odoorn"
"Drouwenermond";"Borger-Odoorn"
"Drouwenerveen";"Borger-Odoorn"
"Drunen";"Heusden"
"Druten";"Druten"
"Duiven";"Duiven"
"Duivendrecht";"Ouder-Amstel"
"Duizel";"Eersel"
"Den Dungen";"Sint-Michielsgestel"
"Dussen";"Werkendam"
"Dwingeloo";"Westerveld"
"Eagum";"Leeuwarden"
"Earnewâld";"Tytsjerksteradiel"
"Easterein";"Littenseradiel"
"Easterlittens";"Littenseradiel"
"Eastermar";"Tytsjerksteradiel"
"Easterwierrum";"Littenseradiel"
"Echt";"Echt-Susteren"
"Echteld";"Neder-Betuwe"
"Echten";"DeWolden"
"Echten";"DeFryskeMarren"
"Echtenerbrug";"DeFryskeMarren"
"Eck en Wiel";"Buren"
"Eckelrade";"Eijsden-Margraten"
"Edam";"Edam-Volendam"
"Ede";"Ede"
"Ederveen";"Ede"
"Ee";"Dongeradeel"
"Eede";"Sluis"
"Eefde";"Lochem"
"Eelde";"Tynaarlo"
"Eelderwolde";"Tynaarlo"
"Eemdijk";"Bunschoten"
"Eemnes";"Eemnes"
"Eemshaven";"Eemsmond"
"Een";"Noordenveld"
"Eenrum";"DeMarne"
"Eenum";"Loppersum"
"Een-West";"Noordenveld"
"Eerbeek";"Brummen"
"Eersel";"Eersel"
"Ees";"Borger-Odoorn"
"Eesergroen";"Borger-Odoorn"
"Eeserveen";"Borger-Odoorn"
"Eesterga";"DeFryskeMarren"
"Eesveen";"Steenwijkerland"
"Eethen";"Aalburg"
"Eext";"AaenHunze"
"Eexterveen";"AaenHunze"
"Eexterveenschekanaal";"AaenHunze"
"Eexterzandvoort";"AaenHunze"
"Egchel";"PeelenMaas"
"Egmond aan den Hoef";"Bergen(NH.)"
"Egmond aan Zee";"Bergen(NH.)"
"Egmond-Binnen";"Bergen(NH.)"
"Eibergen";"Berkelland"
"Eijsden";"Eijsden-Margraten"
"Eindhoven";"Eindhoven"
"Einighausen";"Sittard-Geleen"
"Ekehaar";"AaenHunze"
"Elahuizen";"DeFryskeMarren"
"Elburg";"Elburg"
"Eldersloo";"AaenHunze"
"Eleveld";"AaenHunze"
"Elim";"Hoogeveen"
"Elkenrade";"Gulpen-Wittem"
"Ell";"Leudal"
"Ellecom";"Rheden"
"Ellemeet";"Schouwen-Duiveland"
"Ellertshaar";"Borger-Odoorn"
"Ellewoutsdijk";"Borsele"
"Elp";"Midden-Drenthe"
"Elsendorp";"Gemert-Bakel"
"Elshout";"Heusden"
"Elsloo";"Stein"
"Elsloo";"Ooststellingwerf"
"Elspeet";"Nunspeet"
"Elst";"Overbetuwe"
"Elst Ut";"Rhenen"
"Emmeloord";"Noordoostpolder"
"Emmen";"Emmen"
"Emmer-Compascuum";"Emmen"
"Empe";"Brummen"
"Emst";"Epe"
"Engwierum";"Dongeradeel"
"Enkhuizen";"Enkhuizen"
"Ens";"Noordoostpolder"
"Enschede";"Enschede"
"Enspijk";"Geldermalsen"
"Enter";"Wierden"
"Enumatil";"Leek"
"Epe";"Epe"
"Epen";"Gulpen-Wittem"
"Eppenhuizen";"Eemsmond"
"Epse";"Lochem"
"Erica";"Emmen"
"Erichem";"Buren"
"Erlecom";"BergenDal"
"Erm";"Coevorden"
"Ermelo";"Ermelo"
"Erp";"Meierijstad"
"Esbeek";"Hilvarenbeek"
"Esch";"Haaren"
"Escharen";"Grave"
"Espel";"Noordoostpolder"
"Est";"Neerijnen"
"Etten";"OudeIJsselstreek"
"Etten-Leur";"Etten-Leur"
"Europoort Rotterdam";"Rotterdam"
"Eursinge";"Midden-Drenthe"
"Eursinge";"DeWolden"
"Everdingen";"Vianen"
"Evertsoord";"HorstaandeMaas"
"Ewijk";"Beuningen"
"1e Exloërmond";"Borger-Odoorn"
"2e Exloërmond";"Borger-Odoorn"
"Exloërveen";"Borger-Odoorn"
"Exloo";"Borger-Odoorn"
"Exmorra";"Súdwest-Fryslân"
"Eygelshoven";"Kerkrade"
"Eys";"Gulpen-Wittem"
"Ezinge";"Winsum"
"De Falom";"Dantumadiel"
"Farmsum";"Delfzijl"
"Feanwâlden";"Dantumadiel"
"Feerwerd";"Winsum"
"Feinsum";"Leeuwarderadeel"
"Ferwert";"Ferwerderadiel"
"Ferwoude";"Súdwest-Fryslân"
"Fijnaart";"Moerdijk"
"Finsterwolde";"Oldambt"
"Firdgum";"Franekeradeel"
"Fleringen";"Tubbergen"
"Fluitenberg";"Hoogeveen"
"Fochteloo";"Ooststellingwerf"
"Follega";"DeFryskeMarren"
"Folsgare";"Súdwest-Fryslân"
"Formerum";"Terschelling"
"Foudgum";"Dongeradeel"
"Foxhol";"Hoogezand-Sappemeer"
"Foxwolde";"Noordenveld"
"Franeker";"Franekeradeel"
"Frederiksoord";"Westerveld"
"Friens";"Leeuwarden"
"Frieschepalen";"Opsterland"
"Froombosch";"Slochteren"
"Gaanderen";"Doetinchem"
"Gaast";"Súdwest-Fryslân"
"Gaastmeer";"Súdwest-Fryslân"
"Galder";"Alphen-Chaam"
"Gameren";"Zaltbommel"
"Gapinge";"Veere"
"Garderen";"Barneveld"
"Garmerwolde";"TenBoer"
"Garminge";"Midden-Drenthe"
"Garnwerd";"Winsum"
"Garrelsweer";"Loppersum"
"Garsthuizen";"Loppersum"
"Garyp";"Tytsjerksteradiel"
"Gassel";"Grave"
"Gasselte";"AaenHunze"
"Gasselternijveen";"AaenHunze"
"Gasselternijveenschemond";"AaenHunze"
"Gastel";"Cranendonck"
"Gasteren";"AaenHunze"
"Gauw";"Súdwest-Fryslân"
"Geelbroek";"AaenHunze"
"Geerdijk";"Twenterand"
"Geersdijk";"Noord-Beveland"
"Geertruidenberg";"Geertruidenberg"
"Geervliet";"Nissewaard"
"Gees";"Coevorden"
"Geesbrug";"Coevorden"
"Geesteren";"Tubbergen"
"Geesteren";"Berkelland"
"Geeuwenbrug";"Westerveld"
"Geffen";"Oss"
"Geijsteren";"Venray"
"Geldermalsen";"Geldermalsen"
"Gelderswoude";"Zoeterwoude"
"Geldrop";"Geldrop-Mierlo"
"Geleen";"Sittard-Geleen"
"Gellicum";"Geldermalsen"
"Gelselaar";"Berkelland"
"Gemert";"Gemert-Bakel"
"Gemonde";"Sint-Michielsgestel"
"Genderen";"Aalburg"
"Gendringen";"OudeIJsselstreek"
"Gendt";"Lingewaard"
"Genemuiden";"Zwartewaterland"
"Gennep";"Gennep"
"Gerkesklooster";"Achtkarspelen"
"Gersloot";"Heerenveen"
"Geulle";"Meerssen"
"Giesbeek";"Zevenaar"
"Giessen";"Woudrichem"
"Giessenburg";"Giessenlanden"
"Gieten";"AaenHunze"
"Gieterveen";"AaenHunze"
"Giethmen";"Ommen"
"Giethoorn";"Steenwijkerland"
"Gilze";"GilzeenRijen"
"Ginnum";"Ferwerderadiel"
"Glane";"Losser"
"Glimmen";"Haren"
"De Glind";"Barneveld"
"Godlinze";"Delfzijl"
"Goedereede";"Goeree-Overflakkee"
"Goënga";"Súdwest-Fryslân"
"Goëngahuizen";"Smallingerland"
"Goes";"Goes"
"Goingarijp";"DeFryskeMarren"
"Goirle";"Goirle"
"Goor";"HofvanTwente"
"De Goorn";"Koggenland"
"Gorinchem";"Gorinchem"
"Gorredijk";"Opsterland"
"Gorssel";"Lochem"
"Gouda";"Gouda"
"Gouderak";"Krimpenerwaard"
"Goudriaan";"Molenwaard"
"Goudswaard";"Korendijk"
"Goutum";"Leeuwarden"
"'t Goy";"Houten"
"Graauw";"Hulst"
"Grafhorst";"Kampen"
"Graft";"Alkmaar"
"Gramsbergen";"Hardenberg"
"Grashoek";"PeelenMaas"
"Grathem";"Leudal"
"Grave";"Grave"
"'s-Graveland";"Wijdemeren"
"'s-Gravendeel";"Binnenmaas"
"'s-Gravenhage";"'s-Gravenhage"
"'s Gravenmoer";"Dongen"
"'s-Gravenpolder";"Borsele"
"'s-Gravenzande";"Westland"
"Greonterp";"Súdwest-Fryslân"
"Grevenbicht";"Sittard-Geleen"
"Griendtsveen";"HorstaandeMaas"
"Grijpskerk";"Zuidhorn"
"Grijpskerke";"Veere"
"Groede";"Sluis"
"Groenekan";"DeBilt"
"Groeningen";"Boxmeer"
"Groenlo";"OostGelre"
"Groesbeek";"BergenDal"
"Groessen";"Duiven"
"Groet";"Bergen(NH.)"
"De Groeve";"Tynaarlo"
"Grolloo";"AaenHunze"
"Groningen";"Groningen"
"Gronsveld";"Eijsden-Margraten"
"Groot-Ammers";"Molenwaard"
"Grootebroek";"StedeBroec"
"Grootegast";"Grootegast"
"Grootschermer";"Alkmaar"
"Grou";"Leeuwarden"
"Grubbenvorst";"HorstaandeMaas"
"Gulpen";"Gulpen-Wittem"
"Guttecoven";"Sittard-Geleen"
"Gytsjerk";"Tytsjerksteradiel"
"Haaften";"Neerijnen"
"Haaksbergen";"Haaksbergen"
"Haalderen";"Lingewaard"
"'t Haantje";"Coevorden"
"Haaren";"Haaren"
"Haarle";"Tubbergen"
"Haarle";"Hellendoorn"
"Haarlem";"Haarlem"
"Haarlemmerliede";"HaarlemmerliedeenSpaarnwoude"
"Haarlo";"Berkelland"
"Haarsteeg";"Heusden"
"Haarzuilens";"Utrecht"
"Haastrecht";"Krimpenerwaard"
"Haelen";"Leudal"
"Hagestein";"Vianen"
"Haghorst";"Hilvarenbeek"
"Haler";"Leudal"
"Halfweg";"HaarlemmerliedeenSpaarnwoude"
"Hall";"Brummen"
"Halle";"Bronckhorst"
"Hallum";"Ferwerderadiel"
"Halsteren";"BergenopZoom"
"Den Ham";"Zuidhorn"
"Den Ham";"Twenterand"
"Handel";"Gemert-Bakel"
"Hank";"Werkendam"
"Hansweert";"Reimerswaal"
"Hantum";"Dongeradeel"
"Hantumeruitburen";"Dongeradeel"
"Hantumhuizen";"Dongeradeel"
"Hapert";"Bladel"
"Haps";"Cuijk"
"Harbrinkhoek";"Tubbergen"
"'t Harde";"Elburg"
"Hardenberg";"Hardenberg"
"Harderwijk";"Harderwijk"
"Hardinxveld-Giessendam";"Hardinxveld-Giessendam"
"Haren";"Oss"
"Haren Gn";"Haren"
"Harfsen";"Lochem"
"Harich";"DeFryskeMarren"
"Haringhuizen";"HollandsKroon"
"Harkema";"Achtkarspelen"
"Harkstede";"Slochteren"
"Harkstede GN";"Groningen"
"Harlingen";"Harlingen"
"Harmelen";"Woerden"
"Harreveld";"OostGelre"
"Harskamp";"Ede"
"Hartwerd";"Súdwest-Fryslân"
"Haskerdijken";"Heerenveen"
"Haskerhorne";"DeFryskeMarren"
"Hasselt";"Zwartewaterland"
"Hattem";"Hattem"
"Hattemerbroek";"Oldebroek"
"Haule";"Ooststellingwerf"
"Haulerwijk";"Ooststellingwerf"
"Hauwert";"Medemblik"
"Havelte";"Westerveld"
"Havelterberg";"Westerveld"
"Hazerswoude-Dorp";"AlphenaandenRijn"
"Hazerswoude-Rijndijk";"AlphenaandenRijn"
"Hedel";"Maasdriel"
"Hedikhuizen";"Heusden"
"Hee";"Terschelling"
"Heeg";"Súdwest-Fryslân"
"Heel";"Maasgouw"
"Heelsum";"Renkum"
"Heelweg";"OudeIJsselstreek"
"Heemserveen";"Hardenberg"
"Heemskerk";"Heemskerk"
"Heemstede";"Heemstede"
"De Heen";"Steenbergen"
"Heenvliet";"Nissewaard"
"'s-Heer Abtskerke";"Borsele"
"'s-Heer Arendskerke";"Goes"
"'s-Heer Hendrikskinderen";"Goes"
"Heerde";"Heerde"
"'s-Heerenberg";"Montferland"
"'s-Heerenbroek";"Kampen"
"'s-Heerenhoek";"Borsele"
"Heerenveen";"Heerenveen"
"Heerewaarden";"Maasdriel"
"Heerhugowaard";"Heerhugowaard"
"Heerjansdam";"Zwijndrecht"
"Heerle";"Roosendaal"
"Heerlen";"Heerlen"
"Heesbeen";"Heusden"
"Heesch";"Bernheze"
"Heesselt";"Neerijnen"
"Heeswijk-Dinther";"Bernheze"
"Heeten";"Raalte"
"Heeze";"Heeze-Leende"
"Hegebeintum";"Ferwerderadiel"
"Hegelsom";"HorstaandeMaas"
"Hei- en Boeicop";"Zederik"
"Heibloem";"Leudal"
"Heide";"Venray"
"It Heidenskip";"Súdwest-Fryslân"
"Ter Heijde";"Westland"
"Heijen";"Gennep"
"Heijenrath";"Gulpen-Wittem"
"Heijningen";"Moerdijk"
"Heikant";"Hulst"
"Heilig Landstichting";"BergenDal"
"Heiligerlee";"Oldambt"
"Heiloo";"Heiloo"
"Heinenoord";"Binnenmaas"
"Heinkenszand";"Borsele"
"Heino";"Raalte"
"Hekelingen";"Nissewaard"
"Hekendorp";"Oudewater"
"Helden";"PeelenMaas"
"Den Helder";"DenHelder"
"Helenaveen";"Deurne"
"Hellendoorn";"Hellendoorn"
"Hellevoetsluis";"Hellevoetsluis"
"Hellouw";"Neerijnen"
"Hellum";"Slochteren"
"Helmond";"Helmond"
"Helvoirt";"Haaren"
"Hem";"Drechterland"
"Hemelum";"Súdwest-Fryslân"
"Hemmen";"Overbetuwe"
"Hempens";"Leeuwarden"
"Hemrik";"Opsterland"
"Hendrik-Ido-Ambacht";"Hendrik-Ido-Ambacht"
"Hengelo";"Hengelo"
"Hengelo (Gld)";"Bronckhorst"
"Hengevelde";"HofvanTwente"
"Hengstdijk";"Hulst"
"Hensbroek";"Koggenland"
"Herbaijum";"Franekeradeel"
"Herkenbosch";"Roerdalen"
"Herkingen";"Goeree-Overflakkee"
"Hernen";"Wijchen"
"Herpen";"Oss"
"Herpt";"Heusden"
"Herten";"Roermond"
"Hertme";"Borne"
"'s-Hertogenbosch";"'s-Hertogenbosch"
"Herveld";"Overbetuwe"
"Herwen";"Rijnwaarden"
"Herwijnen";"Lingewaal"
"Heteren";"Overbetuwe"
"Heukelom";"Oisterwijk"
"Heukelum";"Lingewaal"
"Heumen";"Heumen"
"De Heurne";"Aalten"
"Heusden";"Asten"
"Heusden";"Heusden"
"Heveadorp";"Renkum"
"Heythuysen";"Leudal"
"Hezingen";"Tubbergen"
"Hiaure";"Dongeradeel"
"Hichtum";"Súdwest-Fryslân"
"Hidaard";"Littenseradiel"
"Hierden";"Harderwijk"
"Hieslum";"Súdwest-Fryslân"
"Hijken";"Midden-Drenthe"
"Hijum";"Leeuwarderadeel"
"Hilaard";"Littenseradiel"
"Hillegom";"Hillegom"
"Hilvarenbeek";"Hilvarenbeek"
"Hilversum";"Hilversum"
"Hindeloopen";"Súdwest-Fryslân"
"Hinnaard";"Littenseradiel"
"Hippolytushoef";"HollandsKroon"
"Hitzum";"Franekeradeel"
"Hobrede";"Edam-Volendam"
"Hoedekenskerke";"Borsele"
"de Hoef";"DeRondeVenen"
"Hoef en Haag";"Vianen"
"Hoek";"Terneuzen"
"Hoek van Holland";"Rotterdam"
"Hoenderloo";"Apeldoorn"
"Hoenderloo";"Ede"
"Hoensbroek";"Heerlen"
"Hoenzadriel";"Maasdriel"
"De Hoeve";"Weststellingwerf"
"Hoevelaken";"Nijkerk"
"Hoeven";"Halderberge"
"Hoge Hexel";"Wierden"
"Hollandsche Rading";"DeBilt"
"Hollandscheveld";"Hoogeveen"
"Hollum";"Ameland"
"Holsloot";"Coevorden"
"Holten";"Rijssen-Holten"
"Holthees";"Boxmeer"
"Holtheme";"Hardenberg"
"Holthone";"Hardenberg"
"Holtum";"Sittard-Geleen"
"Holwerd";"Dongeradeel"
"Holwierde";"Delfzijl"
"Hommerts";"Súdwest-Fryslân"
"Homoet";"Overbetuwe"
"Honselersdijk";"Westland"
"Hoofddorp";"Haarlemmermeer"
"Hoofdplaat";"Sluis"
"Hoog Soeren";"Apeldoorn"
"Hoogblokland";"Giessenlanden"
"Hooge Mierde";"Reusel-DeMierden"
"Hooge Zwaluwe";"Drimmelen"
"Hoogeloon";"Bladel"
"Hoogenweg";"Hardenberg"
"Hoogerheide";"Woensdrecht"
"Hoogersmilde";"Midden-Drenthe"
"Hoogersmilde";"Westerveld"
"Hoogeveen";"Hoogeveen"
"Hoogezand";"Hoogezand-Sappemeer"
"Hooghalen";"Midden-Drenthe"
"Hoogkarspel";"Drechterland"
"Hoog-Keppel";"Bronckhorst"
"Hoogland";"Amersfoort"
"Hooglanderveen";"Amersfoort"
"Hoogmade";"KaagenBraassem"
"Hoogvliet Rotterdam";"Rotterdam"
"Hoogwoud";"Opmeer"
"Hoorn";"Hoorn"
"Hoorn";"Terschelling"
"Den Hoorn";"Texel"
"Den Hoorn";"Midden-Delfland"
"Hoornaar";"Giessenlanden"
"Hoornsterzwaag";"Heerenveen"
"Horn";"Leudal"
"Den Horn";"Zuidhorn"
"Hornhuizen";"DeMarne"
"Horssen";"Druten"
"Horst";"HorstaandeMaas"
"Den Hout";"Oosterhout"
"Houten";"Houten"
"Houtigehage";"Smallingerland"
"Houwerzijl";"DeMarne"
"Huijbergen";"Woensdrecht"
"Huis ter Heide";"Noordenveld"
"Huis ter Heide";"Zeist"
"Huisduinen";"DenHelder"
"Huisseling";"Oss"
"Huissen";"Lingewaard"
"Huizen";"Huizen"
"Huizinge";"Loppersum"
"Hulsberg";"Nuth"
"Hulsel";"Reusel-DeMierden"
"Hulshorst";"Nunspeet"
"Hulst";"Hulst"
"Hulten";"GilzeenRijen"
"Hummelo";"Bronckhorst"
"Húns";"Littenseradiel"
"Hunsel";"Leudal"
"Hurdegaryp";"Tytsjerksteradiel"
"Hurwenen";"Maasdriel"
"Idaerd";"Leeuwarden"
"Idsegahuizum";"Súdwest-Fryslân"
"Idskenhuizen";"DeFryskeMarren"
"Ter Idzard";"Weststellingwerf"
"Idzega";"Súdwest-Fryslân"
"Iens";"Littenseradiel"
"IJhorst";"Staphorst"
"IJlst";"Súdwest-Fryslân"
"IJmuiden";"Velsen"
"IJsselham";"Steenwijkerland"
"IJsselmuiden";"Kampen"
"IJsselstein";"IJsselstein"
"IJzendijke";"Sluis"
"IJzendoorn";"Neder-Betuwe"
"Den Ilp";"Landsmeer"
"Ilpendam";"Waterland"
"Indijk";"Súdwest-Fryslân"
"Ingber";"Gulpen-Wittem"
"Ingelum";"Menameradiel"
"Ingen";"Buren"
"Itens";"Littenseradiel"
"Ittervoort";"Leudal"
"Jaarsveld";"Lopik"
"Jabeek";"Onderbanken"
"Jannum";"Ferwerderadiel"
"Jellum";"Littenseradiel"
"Jelsum";"Leeuwarderadeel"
"Jirnsum";"Leeuwarden"
"Jislum";"Ferwerderadiel"
"Jisp";"Wormerland"
"Jistrum";"Tytsjerksteradiel"
"Jonkerslân";"Opsterland"
"Jonkersvaart";"Marum"
"Joppe";"Lochem"
"Jorwert";"Littenseradiel"
"Joure";"DeFryskeMarren"
"Jouswier";"Dongeradeel"
"Jubbega";"Heerenveen"
"Julianadorp";"DenHelder"
"Jutrijp";"Súdwest-Fryslân"
"Kaag";"KaagenBraassem"
"Kaard";"Terschelling"
"Kaatsheuvel";"LoonopZand"
"Kalenberg";"Steenwijkerland"
"Kallenkote";"Steenwijkerland"
"Kamerik";"Woerden"
"Kampen";"Kampen"
"Kamperland";"Noord-Beveland"
"Kamperveen";"Kampen"
"Kantens";"Eemsmond"
"Kapel Avezaath";"Tiel"
"Kapel-Avezaath";"Buren"
"Kapelle";"Kapelle"
"Kapellebrug";"Hulst"
"Katlijk";"Heerenveen"
"Kats";"Noord-Beveland"
"Kattendijke";"Goes"
"Katwijk";"Katwijk"
"Katwijk NB";"Cuijk"
"Katwoude";"Waterland"
"Kedichem";"Leerdam"
"Keent";"Oss"
"Keijenborg";"Bronckhorst"
"Kekerdom";"BergenDal"
"Kelpen-Oler";"Leudal"
"Kerk Avezaath";"Tiel"
"Kerk-Avezaath";"Buren"
"Kerkdriel";"Maasdriel"
"Kerkenveld";"DeWolden"
"Kerkrade";"Kerkrade"
"Kerkwerve";"Schouwen-Duiveland"
"Kerkwijk";"Zaltbommel"
"Kessel";"PeelenMaas"
"Kesteren";"Neder-Betuwe"
"De Kiel";"Coevorden"
"Kiel-Windeweer";"Hoogezand-Sappemeer"
"Kilder";"Montferland"
"Kimswerd";"Súdwest-Fryslân"
"Kinderdijk";"Molenwaard"
"Kinnum";"Terschelling"
"Klaaswaal";"Cromstrijen"
"Klarenbeek";"Apeldoorn"
"Klarenbeek";"Voorst"
"Klazienaveen";"Emmen"
"Klazienaveen-Noord";"Emmen"
"Klein Zundert";"Zundert"
"Klijndijk";"Borger-Odoorn"
"Klimmen";"Voerendaal"
"Kloetinge";"Goes"
"Kloetinge";"Kapelle"
"De Klomp";"Ede"
"Klooster Lidlum";"Franekeradeel"
"Kloosterburen";"DeMarne"
"Kloosterhaar";"Twenterand"
"Kloosterhaar";"Hardenberg"
"Kloosterzande";"Hulst"
"Klundert";"Moerdijk"
"Knegsel";"Eersel"
"De Knipe";"Heerenveen"
"Koarnjum";"Leeuwarderadeel"
"Kockengen";"StichtseVecht"
"Koedijk";"Langedijk"
"Koedijk";"Alkmaar"
"Koekange";"DeWolden"
"Koewacht";"Terneuzen"
"Kolderwolde";"DeFryskeMarren"
"Kolham";"Slochteren"
"Kolhorn";"HollandsKroon"
"Kollum";"KollumerlandenNieuwkruisland"
"Kollumerpomp";"KollumerlandenNieuwkruisland"
"Kollumerzwaag";"KollumerlandenNieuwkruisland"
"Kommerzijl";"Zuidhorn"
"Koningsbosch";"Echt-Susteren"
"Koningslust";"PeelenMaas"
"De Koog";"Texel"
"Koog aan de Zaan";"Zaanstad"
"Koolwijk";"Oss"
"Kootstertille";"Achtkarspelen"
"Kootwijk";"Barneveld"
"Kootwijkerbroek";"Barneveld"
"Kornhorn";"Grootegast"
"Kornwerderzand";"Súdwest-Fryslân"
"Kortehemmen";"Smallingerland"
"Kortenhoef";"Wijdemeren"
"Kortgene";"Noord-Beveland"
"Koudekerk aan den Rijn";"AlphenaandenRijn"
"Koudekerke";"Veere"
"Koudum";"Súdwest-Fryslân"
"Koufurderrige";"Súdwest-Fryslân"
"Krabbendijke";"Reimerswaal"
"Kraggenburg";"Noordoostpolder"
"Kreileroord";"HollandsKroon"
"Krewerd";"Delfzijl"
"De Krim";"Hardenberg"
"Krimpen aan de Lek";"Krimpenerwaard"
"Krimpen aan den IJssel";"KrimpenaandenIJssel"
"Kring van Dorth";"Lochem"
"Krommenie";"Zaanstad"
"Kronenberg";"HorstaandeMaas"
"Kropswolde";"Hoogezand-Sappemeer"
"Kruiningen";"Reimerswaal"
"Kruisland";"Steenbergen"
"Kûbaard";"Littenseradiel"
"Kudelstaart";"Aalsmeer"
"Kuinre";"Steenwijkerland"
"Kuitaart";"Hulst"
"Kwadendamme";"Borsele"
"Kwadijk";"Edam-Volendam"
"De Kwakel";"Uithoorn"
"Kwintsheul";"Westland"
"Laag Zuthem";"Raalte"
"Laag-Keppel";"Bronckhorst"
"Laag-Soeren";"Rheden"
"Lage Mierde";"Reusel-DeMierden"
"Lage Vuursche";"Baarn"
"Lage Zwaluwe";"Drimmelen"
"Lageland";"Slochteren"
"Lageland GN";"Groningen"
"Lambertschaag";"Medemblik"
"Lamswaarde";"Hulst"
"Landerum";"Terschelling"
"Landgraaf";"Landgraaf"
"Landhorst";"SintAnthonis"
"Landsmeer";"Landsmeer"
"Langbroek";"WijkbijDuurstede"
"Langedijke";"Ooststellingwerf"
"Langelille";"Weststellingwerf"
"Langelo";"Noordenveld"
"Langenboom";"MillenSintHubert"
"Langerak";"Molenwaard"
"Langeveen";"Tubbergen"
"Langeweg";"Moerdijk"
"Langezwaag";"Opsterland"
"Langweer";"DeFryskeMarren"
"Laren";"Laren"
"Laren";"Lochem"
"Lathum";"Zevenaar"
"Lattrop-Breklenkamp";"Dinkelland"
"Lauwersoog";"DeMarne"
"Lauwerzijl";"Zuidhorn"
"Ledeacker";"SintAnthonis"
"Leek";"Leek"
"Leende";"Heeze-Leende"
"Leens";"DeMarne"
"Leerbroek";"Zederik"
"Leerdam";"Leerdam"
"Leermens";"Loppersum"
"Leersum";"UtrechtseHeuvelrug"
"Leeuwarden";"Leeuwarden"
"Legemeer";"DeFryskeMarren"
"Leiden";"Leiden"
"Leiderdorp";"Leiderdorp"
"Leidschendam";"Leidschendam-Voorburg"
"Leimuiden";"KaagenBraassem"
"Leimuiderbrug";"Haarlemmermeer"
"Lekkerkerk";"Krimpenerwaard"
"Lekkum";"Leeuwarden"
"Lellens";"TenBoer"
"Lelystad";"Lelystad"
"Lemele";"Ommen"
"Lemelerveld";"Dalfsen"
"Lemiers";"Vaals"
"Lemmer";"DeFryskeMarren"
"Lengel";"Montferland"
"Lent";"Nijmegen"
"Leons";"Littenseradiel"
"Lepelstraat";"BergenopZoom"
"Lettelbert";"Leek"
"Lettele";"Deventer"
"Leunen";"Venray"
"Leur";"Wijchen"
"Leusden";"Leusden"
"Leuth";"BergenDal"
"Leutingewolde";"Noordenveld"
"Leuvenheim";"Brummen"
"Leveroy";"Nederweert"
"Lewedorp";"Borsele"
"Lexmond";"Zederik"
"Lichtaard";"Ferwerderadiel"
"Lichtenvoorde";"OostGelre"
"Liempde";"Boxtel"
"Lienden";"Buren"
"De Lier";"Westland"
"Lierderholthuis";"Raalte"
"Lieren";"Apeldoorn"
"Lierop";"Someren"
"Lies";"Terschelling"
"Lieshout";"Laarbeek"
"Liessel";"Deurne"
"Lievelde";"OostGelre"
"Lieveren";"Noordenveld"
"Lijnden";"Haarlemmermeer"
"Limbricht";"Sittard-Geleen"
"Limmen";"Castricum"
"Linde";"DeWolden"
"Linden";"Cuijk"
"Linne";"Maasgouw"
"Linschoten";"Montfoort"
"Lioessens";"Dongeradeel"
"Lippenhuizen";"Opsterland"
"Lisse";"Lisse"
"Lisserbroek";"Haarlemmermeer"
"Lith";"Oss"
"Lithoijen";"Oss"
"Lobith";"Rijnwaarden"
"Lochem";"Lochem"
"Loenen";"Apeldoorn"
"Loenen aan de Vecht";"StichtseVecht"
"Loenersloot";"StichtseVecht"
"Loënga";"Súdwest-Fryslân"
"Loerbeek";"Montferland"
"Lollum";"Súdwest-Fryslân"
"Lomm";"Venlo"
"Longerhouw";"Súdwest-Fryslân"
"Loo Gld";"Duiven"
"Loo Gld";"Lingewaard"
"'t Loo Oldebroek";"Oldebroek"
"Loon";"Assen"
"Loon op Zand";"LoonopZand"
"Loosbroek";"Bernheze"
"Loosdrecht";"Wijdemeren"
"Loozen";"Hardenberg"
"Lopik";"Lopik"
"Lopikerkapel";"Lopik"
"Loppersum";"Loppersum"
"Losdorp";"Delfzijl"
"Losser";"Losser"
"Lottum";"HorstaandeMaas"
"Lucaswolde";"Marum"
"Luddeweer";"Slochteren"
"Luinjeberd";"Heerenveen"
"Lunteren";"Ede"
"Lutjebroek";"StedeBroec"
"Lutjegast";"Grootegast"
"Lutjewinkel";"HollandsKroon"
"de Lutte";"Losser"
"Luttelgeest";"Noordoostpolder"
"Lutten";"Hardenberg"
"Luttenberg";"Raalte"
"Luxwoude";"Opsterland"
"Luyksgestel";"Bergeijk"
"Lytsewierrum";"Littenseradiel"
"Maarheeze";"Cranendonck"
"Maarn";"UtrechtseHeuvelrug"
"Maarsbergen";"UtrechtseHeuvelrug"
"Maarssen";"StichtseVecht"
"Maartensdijk";"DeBilt"
"Maasbommel";"WestMaasenWaal"
"Maasbracht";"Maasgouw"
"Maasbree";"PeelenMaas"
"Maasdam";"Binnenmaas"
"Maasdijk";"Westland"
"Maashees";"Boxmeer"
"Maasland";"Midden-Delfland"
"Maassluis";"Maassluis"
"Maastricht";"Maastricht"
"Maastricht-Airport";"Beek"
"Maasvlakte Rotterdam";"Rotterdam"
"Macharen";"Oss"
"Made";"Drimmelen"
"Makkinga";"Ooststellingwerf"
"Makkum";"Súdwest-Fryslân"
"Malden";"Heumen"
"Mander";"Tubbergen"
"Manderveen";"Tubbergen"
"Mantgum";"Littenseradiel"
"Mantinge";"Midden-Drenthe"
"Maren-Kessel";"Oss"
"Margraten";"Eijsden-Margraten"
"Maria Hoop";"Echt-Susteren"
"Mariahout";"Laarbeek"
"Mariaparochie";"Tubbergen"
"Mariënberg";"Hardenberg"
"Mariënheem";"Raalte"
"Mariënvelde";"OostGelre"
"Marijenkampen";"Steenwijkerland"
"Markelo";"HofvanTwente"
"Marken";"Waterland"
"Markenbinnen";"Alkmaar"
"Marknesse";"Noordoostpolder"
"Marle";"Olst-Wijhe"
"Marrum";"Ferwerderadiel"
"Marsum";"Menameradiel"
"Marum";"Marum"
"Marwijksoord";"AaenHunze"
"Mastenbroek";"Zwartewaterland"
"Mastenbroek";"Kampen"
"Matsloot";"Noordenveld"
"Maurik";"Buren"
"Mechelen";"Gulpen-Wittem"
"Medemblik";"Medemblik"
"Meeden";"Menterwolde"
"Meedhuizen";"Delfzijl"
"Meerkerk";"Zederik"
"Meerlo";"HorstaandeMaas"
"De Meern";"Utrecht"
"Meerssen";"Meerssen"
"Meerstad";"Groningen"
"Meeuwen";"Aalburg"
"Megchelen";"OudeIJsselstreek"
"Megen";"Oss"
"Meijel";"PeelenMaas"
"Melderslo";"HorstaandeMaas"
"Melick";"Roerdalen"
"Meliskerke";"Veere"
"Melissant";"Goeree-Overflakkee"
"Menaam";"Menameradiel"
"Mensingeweer";"DeMarne"
"Meppel";"Meppel"
"Meppen";"Coevorden"
"Merkelbeek";"Onderbanken"
"Merselo";"Venray"
"Meteren";"Geldermalsen"
"Meterik";"HorstaandeMaas"
"Metslawier";"Dongeradeel"
"Mheer";"Eijsden-Margraten"
"Middelaar";"MookenMiddelaar"
"Middelburg";"Middelburg"
"Middelharnis";"Goeree-Overflakkee"
"Middelie";"Edam-Volendam"
"Middelstum";"Loppersum"
"Middenbeemster";"Beemster"
"Middenmeer";"HollandsKroon"
"Midlaren";"Tynaarlo"
"Midlum";"Harlingen"
"Midsland";"Terschelling"
"Midwolda";"Oldambt"
"Midwolde";"Leek"
"Midwoud";"Medemblik"
"Miedum";"Leeuwarden"
"Mierlo";"Geldrop-Mierlo"
"Mijdrecht";"DeRondeVenen"
"Mijnsheerenland";"Binnenmaas"
"Mildam";"Heerenveen"
"Milheeze";"Gemert-Bakel"
"Mill";"MillenSintHubert"
"Millingen aan de Rijn";"BergenDal"
"Milsbeek";"Gennep"
"Minnertsga";"hetBildt"
"Mirns";"DeFryskeMarren"
"Moddergat";"Dongeradeel"
"De Moer";"LoonopZand"
"Moerdijk";"Moerdijk"
"Moergestel";"Oisterwijk"
"Moerkapelle";"Zuidplas"
"Moerstraten";"Roosendaal"
"Molenaarsgraaf";"Molenwaard"
"Molenhoek";"MookenMiddelaar"
"Molenschot";"GilzeenRijen"
"Molkwerum";"Súdwest-Fryslân"
"Monnickendam";"Waterland"
"Monster";"Westland"
"Montfoort";"Montfoort"
"Montfort";"Roerdalen"
"Mook";"MookenMiddelaar"
"Mookhoek";"Strijen"
"Moordrecht";"Zuidplas"
"Moorveld";"Meerssen"
"Morra";"Dongeradeel"
"De Mortel";"Gemert-Bakel"
"Muiden";"GooiseMeren"
"Muiderberg";"GooiseMeren"
"Mûnein";"Tytsjerksteradiel"
"Munnekeburen";"Weststellingwerf"
"Munnekezijl";"KollumerlandenNieuwkruisland"
"Munstergeleen";"Sittard-Geleen"
"Muntendam";"Menterwolde"
"Mussel";"Stadskanaal"
"Musselkanaal";"Stadskanaal"
"Naaldwijk";"Westland"
"Naarden";"GooiseMeren"
"Nagele";"Noordoostpolder"
"Nederasselt";"Heumen"
"Nederhemert";"Zaltbommel"
"Nederhorst den Berg";"Wijdemeren"
"Nederland";"Steenwijkerland"
"Nederweert";"Nederweert"
"Nederweert-Eind";"Nederweert"
"Neede";"Berkelland"
"Neer";"Leudal"
"Neerijnen";"Neerijnen"
"Neeritter";"Leudal"
"Neerkant";"Deurne"
"Neerlangel";"Oss"
"Neerloon";"Oss"
"Nes";"Dongeradeel"
"Nes";"Heerenveen"
"Nes";"Ameland"
"Netersel";"Bladel"
"Netterden";"OudeIJsselstreek"
"Niawier";"Dongeradeel"
"Nibbixwoud";"Medemblik"
"Niebert";"Marum"
"Niehove";"Zuidhorn"
"Niekerk";"Grootegast"
"Niekerk";"DeMarne"
"Nietap";"Noordenveld"
"Nieuw Annerveen";"AaenHunze"
"Nieuw Beerta";"Oldambt"
"Nieuw- en Sint Joosland";"Middelburg"
"Nieuw Heeten";"Raalte"
"Nieuw Namen";"Hulst"
"Nieuw Scheemda";"Oldambt"
"Nieuwaal";"Zaltbommel"
"Nieuw-Amsterdam";"Emmen"
"Nieuw-Balinge";"Midden-Drenthe"
"Nieuw-Beijerland";"Korendijk"
"Nieuw-Buinen";"Borger-Odoorn"
"Nieuw-Dordrecht";"Emmen"
"Nieuwdorp";"Borsele"
"Nieuwe Niedorp";"HollandsKroon"
"Nieuwe Pekela";"Pekela"
"Nieuwe Wetering";"KaagenBraassem"
"Nieuwebrug";"Heerenveen"
"Nieuwediep";"AaenHunze"
"Nieuwegein";"Nieuwegein"
"Nieuwehorne";"Heerenveen"
"Nieuwendijk";"Werkendam"
"Nieuwer Ter Aa";"StichtseVecht"
"Nieuwerbrug aan den Rijn";"Bodegraven-Reeuwijk"
"Nieuwerkerk";"Schouwen-Duiveland"
"Nieuwerkerk aan den IJssel";"Zuidplas"
"Nieuweroord";"Hoogeveen"
"Nieuweroord";"Midden-Drenthe"
"Nieuwersluis";"StichtseVecht"
"Nieuweschoot";"Heerenveen"
"Nieuwe-Tonge";"Goeree-Overflakkee"
"Nieuwkoop";"Nieuwkoop"
"Nieuwkuijk";"Heusden"
"Nieuwland";"Zederik"
"Nieuwlande";"Hoogeveen"
"Nieuwlande Coevorden";"Coevorden"
"Nieuw-Lekkerland";"Molenwaard"
"Nieuwleusen";"Dalfsen"
"Nieuwolda";"Oldambt"
"Nieuwpoort";"Molenwaard"
"Nieuw-Roden";"Noordenveld"
"Nieuw-Schoonebeek";"Emmen"
"Nieuwstadt";"Echt-Susteren"
"Nieuwveen";"Nieuwkoop"
"Nieuw-Vennep";"Haarlemmermeer"
"Nieuwvliet";"Sluis"
"Nieuw-Vossemeer";"Steenbergen"
"Nieuw-Weerdinge";"Emmen"
"Niezijl";"Zuidhorn"
"Niftrik";"Wijchen"
"Nigtevecht";"StichtseVecht"
"Nij Altoenae";"hetBildt"
"Nij Beets";"Opsterland"
"Nijbroek";"Voorst"
"Nijeberkoop";"Ooststellingwerf"
"Nijega";"Smallingerland"
"Nijehaske";"DeFryskeMarren"
"Nijeholtpade";"Weststellingwerf"
"Nijeholtwolde";"Weststellingwerf"
"Nijelamer";"Weststellingwerf"
"Nijemirdum";"DeFryskeMarren"
"Nijensleek";"Westerveld"
"Nijetrijne";"Weststellingwerf"
"Nijeveen";"Meppel"
"Nijhuizum";"Súdwest-Fryslân"
"Nijkerk";"Nijkerk"
"Nijkerkerveen";"Nijkerk"
"Nijland";"Súdwest-Fryslân"
"Nijlande";"AaenHunze"
"Nijmegen";"Nijmegen"
"Nijverdal";"Hellendoorn"
"Nispen";"Roosendaal"
"Nisse";"Borsele"
"Nistelrode";"Bernheze"
"Noardburgum";"Tytsjerksteradiel"
"Nooitgedacht";"AaenHunze"
"Noorbeek";"Eijsden-Margraten"
"Noordbeemster";"Beemster"
"Noordbroek";"Menterwolde"
"Noordeinde";"Alkmaar"
"Noordeinde Gld";"Oldebroek"
"Noordeloos";"Giessenlanden"
"Noorden";"Nieuwkoop"
"Noordgouwe";"Schouwen-Duiveland"
"Noordhoek";"Moerdijk"
"Noordhorn";"Zuidhorn"
"Noordlaren";"Haren"
"Noord-Scharwoude";"Langedijk"
"Noordscheschut";"Hoogeveen"
"Noord-Sleen";"Coevorden"
"Noordwelle";"Schouwen-Duiveland"
"Noordwijk";"Noordwijk"
"Noordwijk";"Marum"
"Noordwijkerhout";"Noordwijkerhout"
"Noordwolde";"Bedum"
"Noordwolde";"Weststellingwerf"
"Nootdorp";"Pijnacker-Nootdorp"
"Norg";"Noordenveld"
"Notter";"Wierden"
"Nuenen";"Nuenen,GerwenenNederwetten"
"Nuis";"Marum"
"Nuland";"'s-Hertogenbosch"
"Numansdorp";"Cromstrijen"
"Nunhem";"Leudal"
"Nunspeet";"Nunspeet"
"Nuth";"Nuth"
"Nutter";"Dinkelland"
"Obbicht";"Sittard-Geleen"
"Obdam";"Koggenland"
"Ochten";"Neder-Betuwe"
"Odijk";"Bunnik"
"Odiliapeel";"Uden"
"Odoorn";"Borger-Odoorn"
"Odoornerveen";"Borger-Odoorn"
"Oeffelt";"Boxmeer"
"Oegstgeest";"Oegstgeest"
"Oene";"Epe"
"Oentsjerk";"Tytsjerksteradiel"
"Den Oever";"HollandsKroon"
"Offingawier";"Súdwest-Fryslân"
"Ohé en Laak";"Maasgouw"
"Oijen";"Oss"
"Oirlo";"Venray"
"Oirsbeek";"Schinnen"
"Oirschot";"Oirschot"
"Oisterwijk";"Oisterwijk"
"Okkenbroek";"Deventer"
"Olburgen";"Bronckhorst"
"Oldeberkoop";"Ooststellingwerf"
"Oldebroek";"Oldebroek"
"Oldeholtpade";"Weststellingwerf"
"Oldeholtwolde";"Weststellingwerf"
"Oldehove";"Zuidhorn"
"Oldekerk";"Grootegast"
"Oldelamer";"Weststellingwerf"
"Oldemarkt";"Steenwijkerland"
"Oldenzaal";"Oldenzaal"
"Oldenzijl";"Eemsmond"
"Oldeouwer";"DeFryskeMarren"
"Oldetrijne";"Weststellingwerf"
"Olst";"Olst-Wijhe"
"Olterterp";"Opsterland"
"Ommel";"Asten"
"Ommen";"Ommen"
"Ommeren";"Buren"
"Onderdendam";"Bedum"
"Onna";"Steenwijkerland"
"Onnen";"Haren"
"Onstwedde";"Stadskanaal"
"Ooij";"BergenDal"
"Ooltgensplaat";"Goeree-Overflakkee"
"Oost West en Middelbeers";"Oirschot"
"Oostburg";"Sluis"
"Oostdijk";"Reimerswaal"
"Oosteind";"Oosterhout"
"Oosterbeek";"Renkum"
"Oosterbierum";"Franekeradeel"
"Oosterblokker";"Drechterland"
"Oosterend";"Terschelling"
"Oosterend";"Texel"
"Oosterhesselen";"Coevorden"
"Oosterhout";"Oosterhout"
"Oosterhout";"Overbetuwe"
"Oosterland";"Schouwen-Duiveland"
"Oosterleek";"Drechterland"
"Oosternieland";"Eemsmond"
"Oosternijkerk";"Dongeradeel"
"Oosterstreek";"Weststellingwerf"
"Oosterwijk";"Leerdam"
"Oosterwijtwerd";"Loppersum"
"Oosterwolde";"Ooststellingwerf"
"Oosterwolde Gld";"Oldebroek"
"Oosterzee";"DeFryskeMarren"
"Oost-Graftdijk";"Alkmaar"
"Oosthem";"Súdwest-Fryslân"
"Oosthuizen";"Edam-Volendam"
"Oostkapelle";"Veere"
"Oostknollendam";"Wormerland"
"Oostrum";"Dongeradeel"
"Oostrum";"Venray"
"Oost-Souburg";"Vlissingen"
"Oostvoorne";"Westvoorne"
"Oostwold";"Oldambt"
"Oostwold";"Leek"
"Oostwoud";"Medemblik"
"Oostzaan";"Oostzaan"
"Ootmarsum";"Dinkelland"
"Opeinde";"Smallingerland"
"Opende";"Grootegast"
"Ophemert";"Neerijnen"
"Opheusden";"Neder-Betuwe"
"Opijnen";"Neerijnen"
"Oploo";"SintAnthonis"
"Opmeer";"Opmeer"
"Oppenhuizen";"Súdwest-Fryslân"
"Opperdoes";"Medemblik"
"Oranje";"Midden-Drenthe"
"Oranjewoud";"Heerenveen"
"Orvelte";"Midden-Drenthe"
"Ospel";"Nederweert"
"Oss";"Oss"
"Ossendrecht";"Woensdrecht"
"Ossenisse";"Hulst"
"Ossenwaard";"Vianen"
"Ossenzijl";"Steenwijkerland"
"Oterleek";"Alkmaar"
"Otterlo";"Ede"
"Ottersum";"Gennep"
"Ottoland";"Molenwaard"
"Oud Ade";"KaagenBraassem"
"Oud Annerveen";"AaenHunze"
"Oud Gastel";"Halderberge"
"Oud Ootmarsum";"Dinkelland"
"Oud Zuilen";"StichtseVecht"
"Oud-Alblas";"Molenwaard"
"Oud-Beijerland";"Oud-Beijerland"
"Ouddorp";"Goeree-Overflakkee"
"Oude Meer";"Haarlemmermeer"
"Oude Niedorp";"HollandsKroon"
"Oude Pekela";"Pekela"
"Oude Wetering";"KaagenBraassem"
"Oude Willem";"Westerveld"
"Oudebildtzijl";"hetBildt"
"Oudega";"Smallingerland"
"Oudega";"DeFryskeMarren"
"Oudega";"Súdwest-Fryslân"
"Oudehaske";"DeFryskeMarren"
"Oudehorne";"Heerenveen"
"Oudelande";"Borsele"
"Oudemirdum";"DeFryskeMarren"
"Oudemolen";"Moerdijk"
"Oudemolen";"Tynaarlo"
"Oudenbosch";"Halderberge"
"Oudendijk";"Koggenland"
"Oudenhoorn";"Nissewaard"
"Ouderkerk aan de Amstel";"Ouder-Amstel"
"Ouderkerk aan den IJssel";"Krimpenerwaard"
"Oudeschans";"Bellingwedde"
"Oudeschild";"Texel"
"Oudeschip";"Eemsmond"
"Oudeschoot";"Heerenveen"
"Oudesluis";"Schagen"
"Oude-Tonge";"Goeree-Overflakkee"
"Oudewater";"Oudewater"
"Oudezijl";"Oldambt"
"Oudheusden";"Heusden"
"Oudkarspel";"Schagen"
"Oudkarspel";"Langedijk"
"Oudorp";"Alkmaar"
"Oud-Vossemeer";"Tholen"
"Oudwoude";"KollumerlandenNieuwkruisland"
"Ouwerkerk";"Schouwen-Duiveland"
"Ouwsterhaule";"DeFryskeMarren"
"Ouwster-Nijega";"DeFryskeMarren"
"Overasselt";"Heumen"
"Overberg";"UtrechtseHeuvelrug"
"Overdinkel";"Losser"
"Overlangel";"Oss"
"Overloon";"Boxmeer"
"Overschild";"Slochteren"
"Overslag";"Terneuzen"
"Overveen";"Bloemendaal"
"Ovezande";"Borsele"
"Paasloo";"Steenwijkerland"
"Paesens";"Dongeradeel"
"Pannerden";"Rijnwaarden"
"Panningen";"PeelenMaas"
"Papekop";"Oudewater"
"Papendrecht";"Papendrecht"
"Papenhoven";"Sittard-Geleen"
"Papenvoort";"AaenHunze"
"Parrega";"Súdwest-Fryslân"
"Paterswolde";"Tynaarlo"
"Peest";"Noordenveld"
"Peins";"Franekeradeel"
"Peize";"Noordenveld"
"Peperga";"Weststellingwerf"
"Pernis Rotterdam";"Rotterdam"
"Persingen";"BergenDal"
"Pesse";"Westerveld"
"Pesse";"Hoogeveen"
"Petten";"Schagen"
"Philippine";"Terneuzen"
"Piaam";"Súdwest-Fryslân"
"Piershil";"Korendijk"
"Pieterburen";"DeMarne"
"Pietersbierum";"Franekeradeel"
"Pieterzijl";"Zuidhorn"
"Pijnacker";"Pijnacker-Nootdorp"
"Pingjum";"Súdwest-Fryslân"
"Plasmolen";"MookenMiddelaar"
"Poederoijen";"Zaltbommel"
"Poeldijk";"Westland"
"De Pol";"Steenwijkerland"
"Polsbroek";"Lopik"
"Poortugaal";"Albrandswaard"
"Poortvliet";"Tholen"
"Poppenwier";"Súdwest-Fryslân"
"Ten Post";"TenBoer"
"Posterholt";"Roerdalen"
"Prinsenbeek";"Breda"
"Puiflijk";"Druten"
"De Punt";"Tynaarlo"
"Punthorst";"Staphorst"
"Purmer";"Edam-Volendam"
"Purmer";"Waterland"
"Purmerend";"Purmerend"
"Purmerland";"Landsmeer"
"Puth";"Schinnen"
"Putte";"Woensdrecht"
"Putten";"Putten"
"Puttershoek";"Binnenmaas"
"Raalte";"Raalte"
"Raamsdonk";"Geertruidenberg"
"Raamsdonksveer";"Geertruidenberg"
"Raard";"Dongeradeel"
"Radewijk";"Hardenberg"
"Radio Kootwijk";"Apeldoorn"
"Raerd";"Súdwest-Fryslân"
"Randwijk";"Overbetuwe"
"Ransdaal";"Voerendaal"
"Rasquert";"Winsum"
"Ravenstein";"Oss"
"Ravenswaaij";"Buren"
"Ravenswoud";"Ooststellingwerf"
"Readtsjerk";"Dantumadiel"
"Reahûs";"Littenseradiel"
"Reduzum";"Leeuwarden"
"Reek";"Landerd"
"Reeuwijk";"Bodegraven-Reeuwijk"
"Reijmerstok";"Gulpen-Wittem"
"Reitsum";"Ferwerderadiel"
"Rekken";"Berkelland"
"Renesse";"Schouwen-Duiveland"
"Renkum";"Renkum"
"Renswoude";"Renswoude"
"Ressen";"Lingewaard"
"Retranchement";"Sluis"
"Reusel";"Reusel-DeMierden"
"Reutum";"Tubbergen"
"Reuver";"Beesel"
"Rha";"Bronckhorst"
"Rheden";"Rheden"
"Rhee";"Assen"
"Rheeze";"Hardenberg"
"Rheezerveen";"Hardenberg"
"Rhenen";"Rhenen"
"Rhenoy";"Geldermalsen"
"Rhoon";"Albrandswaard"
"Ridderkerk";"Ridderkerk"
"Ried";"Franekeradeel"
"Riel";"Goirle"
"Rien";"Littenseradiel"
"Riethoven";"Bergeijk"
"Rietmolen";"Berkelland"
"Rijen";"GilzeenRijen"
"Rijkevoort";"Boxmeer"
"Rijkevoort-De Walsert";"SintAnthonis"
"Rijnsaterwoude";"KaagenBraassem"
"Rijnsburg";"Katwijk"
"De Rijp";"Alkmaar"
"Rijpwetering";"KaagenBraassem"
"Rijs";"DeFryskeMarren"
"Rijsbergen";"Zundert"
"Rijsenhout";"Haarlemmermeer"
"Rijssen";"Rijssen-Holten"
"Rijswijk";"Rijswijk"
"Rijswijk (GLD)";"Buren"
"Rijswijk (NB)";"Woudrichem"
"Rilland";"Reimerswaal"
"Rinsumageast";"Dantumadiel"
"De Rips";"Gemert-Bakel"
"Ritthem";"Vlissingen"
"Rockanje";"Westvoorne"
"Roden";"Noordenveld"
"Roderesch";"Noordenveld"
"Roderwolde";"Noordenveld"
"Roelofarendsveen";"KaagenBraassem"
"Roermond";"Roermond"
"Rogat";"Meppel"
"Roggel";"Leudal"
"Rohel";"DeFryskeMarren"
"Rolde";"AaenHunze"
"Roodeschool";"Eemsmond"
"Roosendaal";"Roosendaal"
"Roosteren";"Echt-Susteren"
"Rosmalen";"'s-Hertogenbosch"
"Rossum";"Dinkelland"
"Rossum";"Maasdriel"
"Roswinkel";"Emmen"
"Rotstergaast";"DeFryskeMarren"
"Rotsterhaule";"DeFryskeMarren"
"Rotterdam";"Rotterdam"
"Rotterdam-Albrandswaard";"Albrandswaard"
"Rottevalle";"Smallingerland"
"Rottum";"Eemsmond"
"Rottum";"DeFryskeMarren"
"Rouveen";"Staphorst"
"Rozenburg";"Rotterdam"
"Rozenburg";"Haarlemmermeer"
"Rozendaal";"Rozendaal"
"Rucphen";"Rucphen"
"Ruigahuizen";"DeFryskeMarren"
"Ruinen";"Westerveld"
"Ruinen";"DeWolden"
"Ruinerwold";"DeWolden"
"Rumpt";"Geldermalsen"
"Rutten";"Noordoostpolder"
"Ruurlo";"Berkelland"
"Ryptsjerk";"Tytsjerksteradiel"
"Saaksum";"Zuidhorn"
"Saasveld";"Dinkelland"
"Saaxumhuizen";"Winsum"
"Sambeek";"Boxmeer"
"Sandfirden";"Súdwest-Fryslân"
"Santpoort-Noord";"Velsen"
"Santpoort-Zuid";"Velsen"
"Sappemeer";"Hoogezand-Sappemeer"
"Sas van Gent";"Terneuzen"
"Sassenheim";"Teylingen"
"Sauwerd";"Winsum"
"Schagen";"Schagen"
"Schagerbrug";"Schagen"
"Schaijk";"Landerd"
"Schalkhaar";"Deventer"
"Schalkwijk";"Houten"
"Schalsum";"Franekeradeel"
"Schardam";"Edam-Volendam"
"Scharendijke";"Schouwen-Duiveland"
"Scharmer";"Slochteren"
"Scharnegoutum";"Súdwest-Fryslân"
"Scharsterbrug";"DeFryskeMarren"
"Scharwoude";"Koggenland"
"Scheemda";"Oldambt"
"Scheerwolde";"Steenwijkerland"
"Schellinkhout";"Drechterland"
"Schelluinen";"Giessenlanden"
"Schermerhorn";"Alkmaar"
"Scherpenisse";"Tholen"
"Scherpenzeel";"Weststellingwerf"
"Scherpenzeel";"Scherpenzeel"
"Schettens";"Súdwest-Fryslân"
"Scheulder";"Eijsden-Margraten"
"Schiedam";"Schiedam"
"Schiermonnikoog";"Schiermonnikoog"
"Schijf";"Rucphen"
"Schijndel";"Meierijstad"
"Schildwolde";"Slochteren"
"Schimmert";"Nuth"
"Schin op Geul";"ValkenburgaandeGeul"
"Schinnen";"Schinnen"
"Schinveld";"Onderbanken"
"Schipborg";"AaenHunze"
"Schiphol";"Haarlemmermeer"
"Schiphol-Rijk";"Haarlemmermeer"
"De Schiphorst";"Meppel"
"Schipluiden";"Midden-Delfland"
"Schokland";"Noordoostpolder"
"Schoondijke";"Sluis"
"Schoonebeek";"Emmen"
"Schoonhoven";"Krimpenerwaard"
"Schoonloo";"AaenHunze"
"Schoonoord";"Coevorden"
"Schoonrewoerd";"Leerdam"
"Schoorl";"Bergen(NH.)"
"Schore";"Kapelle"
"Schouwerzijl";"DeMarne"
"Schraard";"Súdwest-Fryslân"
"Schuinesloot";"Hardenberg"
"Sebaldeburen";"Grootegast"
"Sellingen";"Vlagtwedde"
"Serooskerke";"Schouwen-Duiveland"
"Serooskerke";"Veere"
"Sevenum";"HorstaandeMaas"
"Sexbierum";"Franekeradeel"
"Sibculo";"Twenterand"
"Sibculo";"Hardenberg"
"Sibrandabuorren";"Súdwest-Fryslân"
"Sibrandahûs";"Dantumadiel"
"Siddeburen";"Slochteren"
"Siebengewald";"Bergen(L.)"
"Siegerswoude";"Opsterland"
"Sijbekarspel";"Medemblik"
"Silvolde";"OudeIJsselstreek"
"Simonshaven";"Nissewaard"
"Simpelveld";"Simpelveld"
"Sinderen";"OudeIJsselstreek"
"Sint Agatha";"Cuijk"
"Sint Annen";"TenBoer"
"Sint Anthonis";"SintAnthonis"
"Sint Geertruid";"Eijsden-Margraten"
"Sint Hubert";"MillenSintHubert"
"Sint Jansklooster";"Steenwijkerland"
"Sint Jansteen";"Hulst"
"Sint Joost";"Echt-Susteren"
"Sint Kruis";"Sluis"
"Sint Maarten";"Schagen"
"Sint Maartensbrug";"Schagen"
"Sint Maartensvlotbrug";"Schagen"
"Sint Nicolaasga";"DeFryskeMarren"
"Sint Odiliënberg";"Roerdalen"
"Sint Pancras";"Langedijk"
"Sint Philipsland";"Tholen"
"St. Willebrord";"Rucphen"
"Sint-Annaland";"Tholen"
"St.-Annaparochie";"hetBildt"
"St.-Jacobiparochie";"hetBildt"
"Sintjohannesga";"DeFryskeMarren"
"Sint-Maartensdijk";"Tholen"
"Sint-Michielsgestel";"Sint-Michielsgestel"
"Sint-Oedenrode";"Meierijstad"
"Sirjansland";"Schouwen-Duiveland"
"Sittard";"Sittard-Geleen"
"Skingen";"Menameradiel"
"Slagharen";"Hardenberg"
"Slappeterp";"Menameradiel"
"Sleen";"Coevorden"
"Sleeuwijk";"Werkendam"
"Slenaken";"Gulpen-Wittem"
"Sliedrecht";"Sliedrecht"
"Slijkenburg";"Weststellingwerf"
"Slijk-Ewijk";"Overbetuwe"
"Slochteren";"Slochteren"
"Slootdorp";"HollandsKroon"
"Sloten";"DeFryskeMarren"
"Sluis";"Sluis"
"Sluiskil";"Terneuzen"
"Smakt";"Venray"
"Smalle Ee";"Smallingerland"
"Smallebrugge";"Súdwest-Fryslân"
"Smilde";"Midden-Drenthe"
"Snakkerburen";"Leeuwarden"
"Sneek";"Súdwest-Fryslân"
"Snelrewaard";"Oudewater"
"Snikzwaag";"DeFryskeMarren"
"Soerendonk";"Cranendonck"
"Soest";"Soest"
"Soesterberg";"Soest"
"Someren";"Someren"
"Sommelsdijk";"Goeree-Overflakkee"
"Son en Breugel";"SonenBreugel"
"Sondel";"DeFryskeMarren"
"Sonnega";"Weststellingwerf"
"Spaarndam";"HaarlemmerliedeenSpaarnwoude"
"Spaarndam gem. Haarlem";"Haarlem"
"Spanbroek";"Opmeer"
"Spanga";"Weststellingwerf"
"Spankeren";"Rheden"
"Spannum";"Littenseradiel"
"Spaubeek";"Beek"
"Spier";"Midden-Drenthe"
"Spier";"Westerveld"
"Spierdijk";"Koggenland"
"Spijk";"Rijnwaarden"
"Spijk";"Lingewaal"
"Spijk Gn";"Delfzijl"
"Spijkenisse";"Nissewaard"
"Spijkerboor";"AaenHunze"
"Spijkerboor";"Wormerland"
"Sprang-Capelle";"Waalwijk"
"Sprundel";"Rucphen"
"Spui";"Terneuzen"
"Stad aan 't Haringvliet";"Goeree-Overflakkee"
"Stadskanaal";"Stadskanaal"
"Stampersgat";"Halderberge"
"Standdaarbuiten";"Moerdijk"
"Staphorst";"Staphorst"
"Starnmeer";"Alkmaar"
"Startenhuizen";"Loppersum"
"Startenhuizen";"Eemsmond"
"Stavenisse";"Tholen"
"Stavoren";"Súdwest-Fryslân"
"Stedum";"Loppersum"
"De Steeg";"Rheden"
"Steenbergen";"Steenbergen"
"Steenbergen";"Noordenveld"
"Steendam";"Slochteren"
"Steenderen";"Bronckhorst"
"Steenenkamer";"Voorst"
"Steensel";"Eersel"
"Steenwijk";"Steenwijkerland"
"Steenwijkerwold";"Steenwijkerland"
"Stegeren";"Ommen"
"Steggerda";"Weststellingwerf"
"Stein";"Stein"
"Stellendam";"Goeree-Overflakkee"
"Sterksel";"Heeze-Leende"
"Stevensbeek";"SintAnthonis"
"Stevensweert";"Maasgouw"
"Steyl";"Venlo"
"Stieltjeskanaal";"Coevorden"
"Stiens";"Leeuwarderadeel"
"Stitswerd";"Eemsmond"
"Stokkum";"Montferland"
"Stolwijk";"Krimpenerwaard"
"Stompetoren";"Alkmaar"
"Stoutenburg";"Leusden"
"Stoutenburg Noord";"Amersfoort"
"Stramproy";"Weert"
"Streefkerk";"Molenwaard"
"Striep";"Terschelling"
"Strijbeek";"Alphen-Chaam"
"Strijen";"Strijen"
"Strijensas";"Strijen"
"Stroe";"Barneveld"
"Stroobos";"Achtkarspelen"
"Stuifzand";"Midden-Drenthe"
"Stuifzand";"Hoogeveen"
"Sumar";"Tytsjerksteradiel"
"Surhuisterveen";"Achtkarspelen"
"Surhuizum";"Achtkarspelen"
"Susteren";"Echt-Susteren"
"Suwâld";"Tytsjerksteradiel"
"Swalmen";"Roermond"
"Sweikhuizen";"Schinnen"
"Swichum";"Leeuwarden"
"Swifterbant";"Dronten"
"Swolgen";"HorstaandeMaas"
"Taarlo";"Tynaarlo"
"Teeffelen";"Oss"
"Teerns";"Leeuwarden"
"Tegelen";"Venlo"
"Terband";"Heerenveen"
"Terborg";"OudeIJsselstreek"
"Terheijden";"Drimmelen"
"Terherne";"DeFryskeMarren"
"Terhole";"Hulst"
"Terkaple";"DeFryskeMarren"
"Termunten";"Delfzijl"
"Termunterzijl";"Delfzijl"
"Ternaard";"Dongeradeel"
"Terneuzen";"Terneuzen"
"Teroele";"DeFryskeMarren"
"Terschuur";"Barneveld"
"Tersoal";"Súdwest-Fryslân"
"Terwispel";"Opsterland"
"Terwolde";"Voorst"
"Teteringen";"Breda"
"Teuge";"Voorst"
"Thesinge";"TenBoer"
"Tholen";"Tholen"
"Thorn";"Maasgouw"
"Tiel";"Tiel"
"Tiendeveen";"Hoogeveen"
"Tiendeveen";"Midden-Drenthe"
"Tienhoven";"StichtseVecht"
"Tienhoven";"Zederik"
"Tienray";"HorstaandeMaas"
"Tijnje";"Opsterland"
"De Tike";"Smallingerland"
"Tilburg";"Tilburg"
"Tilligte";"Dinkelland"
"Tinallinge";"Winsum"
"Tinte";"Westvoorne"
"Tirns";"Súdwest-Fryslân"
"Tjalhuizum";"Súdwest-Fryslân"
"Tjalleberd";"Heerenveen"
"Tjerkgaast";"DeFryskeMarren"
"Tjerkwerd";"Súdwest-Fryslân"
"Tjuchem";"Slochteren"
"Tolbert";"Leek"
"Toldijk";"Bronckhorst"
"Tolkamer";"Rijnwaarden"
"Tollebeek";"Noordoostpolder"
"Tonden";"Brummen"
"Toornwerd";"Loppersum"
"Tricht";"Geldermalsen"
"Triemen";"KollumerlandenNieuwkruisland"
"Tripscompagnie";"Menterwolde"
"Tubbergen";"Tubbergen"
"Tuil";"Neerijnen"
"Tuitjenhorn";"Schagen"
"Tuk";"Steenwijkerland"
"Tull en 't Waal";"Houten"
"Twello";"Voorst"
"Twijzel";"Achtkarspelen"
"Twijzelerheide";"Achtkarspelen"
"Twisk";"Medemblik"
"Tynaarlo";"Tynaarlo"
"Tytsjerk";"Tytsjerksteradiel"
"Tzum";"Franekeradeel"
"Tzummarum";"Franekeradeel"
"Ubbena";"Assen"
"Ubbergen";"BergenDal"
"Uddel";"Apeldoorn"
"Uden";"Uden"
"Udenhout";"Tilburg"
"Uffelte";"Westerveld"
"Ugchelen";"Apeldoorn"
"Uitdam";"Waterland"
"Uitgeest";"Uitgeest"
"Uithoorn";"Uithoorn"
"Uithuizen";"Eemsmond"
"Uithuizermeeden";"Eemsmond"
"Uitwellingerga";"Súdwest-Fryslân"
"Uitwijk";"Woudrichem"
"Ulestraten";"Meerssen"
"Ulft";"OudeIJsselstreek"
"Ulicoten";"Baarle-Nassau"
"Ulrum";"DeMarne"
"Ulvenhout";"Breda"
"Ulvenhout AC";"Alphen-Chaam"
"Ureterp";"Opsterland"
"Urk";"Urk"
"Urmond";"Stein"
"Ursem";"Koggenland"
"Ursem gem. S";"Alkmaar"
"Usquert";"Eemsmond"
"Utrecht";"Utrecht"
"Vaals";"Vaals"
"Vaassen";"Epe"
"Valburg";"Overbetuwe"
"Valkenburg";"ValkenburgaandeGeul"
"Valkenburg";"Katwijk"
"Valkenswaard";"Valkenswaard"
"Valthe";"Borger-Odoorn"
"Valthermond";"Borger-Odoorn"
"2e Valthermond";"Borger-Odoorn"
"Varik";"Neerijnen"
"Varsselder";"OudeIJsselstreek"
"Varsseveld";"OudeIJsselstreek"
"Vasse";"Tubbergen"
"Veelerveen";"Bellingwedde"
"Veen";"Aalburg"
"Veendam";"Veendam"
"Veenendaal";"Veenendaal"
"De Veenhoop";"Smallingerland"
"Veenhuizen";"Noordenveld"
"Veeningen";"DeWolden"
"Veenklooster";"KollumerlandenNieuwkruisland"
"Veenoord";"Emmen"
"Veere";"Veere"
"Veessen";"Heerde"
"Vegelinsoord";"DeFryskeMarren"
"Veghel";"Meierijstad"
"'t Veld";"HollandsKroon"
"Velddriel";"Maasdriel"
"Den Velde";"Hardenberg"
"Velden";"Venlo"
"Veldhoven";"Veldhoven"
"Velp";"Rheden"
"Velp";"Grave"
"Velsen-Noord";"Velsen"
"Velsen-Zuid";"Velsen"
"Velserbroek";"Velsen"
"Venebrugge";"Hardenberg"
"Venhorst";"Boekel"
"Venhuizen";"Drechterland"
"Venlo";"Venlo"
"Venray";"Venray"
"Ven-Zelderheide";"Gennep"
"Vessem";"Eersel"
"Vethuizen";"Montferland"
"Veulen";"Venray"
"Vianen";"Vianen"
"Vianen NB";"Cuijk"
"Vierakker";"Bronckhorst"
"Vierhouten";"Nunspeet"
"Vierhuizen";"DeMarne"
"Vierlingsbeek";"Boxmeer"
"Vierpolders";"Brielle"
"Vijfhuizen";"Haarlemmermeer"
"Vijlen";"Vaals"
"Vilsteren";"Ommen"
"Vinkega";"Weststellingwerf"
"Vinkel";"'s-Hertogenbosch"
"Vinkel";"Bernheze"
"Vinkenbuurt";"Ommen"
"Vinkeveen";"DeRondeVenen"
"Visvliet";"Zuidhorn"
"Vlaardingen";"Vlaardingen"
"Vlagtwedde";"Vlagtwedde"
"Vledder";"Westerveld"
"Vledderveen";"Stadskanaal"
"Vledderveen";"Westerveld"
"Vleuten";"Utrecht"
"Vlieland";"Vlieland"
"Vlierden";"Deurne"
"Vlijmen";"Heusden"
"Vlissingen";"Vlissingen"
"Vlist";"Krimpenerwaard"
"Vlodrop";"Roerdalen"
"Voerendaal";"Voerendaal"
"Vogelenzang";"Bloemendaal"
"Vogelwaarde";"Hulst"
"Volendam";"Edam-Volendam"
"Volkel";"Uden"
"Vollenhove";"Steenwijkerland"
"Vondelingenplaat Rotterdam";"Rotterdam"
"Voorburg";"Leidschendam-Voorburg"
"Voorhout";"Teylingen"
"Voorschoten";"Voorschoten"
"Voorst";"OudeIJsselstreek"
"Voorst";"Voorst"
"Voorthuizen";"Barneveld"
"Vorchten";"Heerde"
"Vorden";"Bronckhorst"
"Vorstenbosch";"Bernheze"
"Vortum-Mullem";"Boxmeer"
"Vragender";"OostGelre"
"Vredenheim";"AaenHunze"
"Vredepeel";"Venray"
"Vreeland";"StichtseVecht"
"Vries";"Tynaarlo"
"Vriescheloo";"Bellingwedde"
"Vriezenveen";"Twenterand"
"Vroomshoop";"Twenterand"
"Vrouwenakker";"Nieuwkoop"
"Vrouwenparochie";"hetBildt"
"Vrouwenpolder";"Veere"
"Vught";"Vught"
"Vuren";"Lingewaal"
"Waaksens";"Littenseradiel"
"Waal";"Molenwaard"
"De Waal";"Texel"
"Waalre";"Waalre"
"Waalwijk";"Waalwijk"
"'t Waar";"Oldambt"
"Waarde";"Reimerswaal"
"Waardenburg";"Neerijnen"
"Waarder";"Bodegraven-Reeuwijk"
"Waardhuizen";"Woudrichem"
"Waarland";"Schagen"
"Waaxens";"Dongeradeel"
"Wachtum";"Coevorden"
"Waddinxveen";"Waddinxveen"
"Wadenoijen";"Tiel"
"Wagenberg";"Drimmelen"
"Wagenborgen";"Delfzijl"
"Wageningen";"Wageningen"
"Walem";"ValkenburgaandeGeul"
"Walsoorden";"Hulst"
"Wâlterswâld";"Dantumadiel"
"Wamel";"WestMaasenWaal"
"Wanneperveen";"Steenwijkerland"
"Wanroij";"SintAnthonis"
"Wanssum";"Venray"
"Wânswert";"Ferwerderadiel"
"Wapenveld";"Heerde"
"Wapse";"Westerveld"
"Wapserveen";"Westerveld"
"Warder";"Edam-Volendam"
"Warffum";"Eemsmond"
"Warfhuizen";"DeMarne"
"Warfstermolen";"KollumerlandenNieuwkruisland"
"Warmenhuizen";"Schagen"
"Warmond";"Teylingen"
"Warns";"Súdwest-Fryslân"
"Warnsveld";"Zutphen"
"Warstiens";"Leeuwarden"
"Warten";"Leeuwarden"
"Waskemeer";"Ooststellingwerf"
"Waspik";"Waalwijk"
"Wassenaar";"Wassenaar"
"Wateren";"Westerveld"
"Watergang";"Waterland"
"Waterhuizen";"Hoogezand-Sappemeer"
"Wateringen";"Westland"
"Waterlandkerkje";"Sluis"
"Waverveen";"DeRondeVenen"
"Wedde";"Bellingwedde"
"De Weere";"Opmeer"
"Weerselo";"Dinkelland"
"Weert";"Weert"
"Weesp";"Weesp"
"Wehe-den Hoorn";"DeMarne"
"Wehl";"Doetinchem"
"Weidum";"Littenseradiel"
"Weiteveen";"Emmen"
"Wekerom";"Ede"
"Well";"Maasdriel"
"Well L";"Bergen(L.)"
"Wellerlooi";"Bergen(L.)"
"Welsum";"Olst-Wijhe"
"Wemeldinge";"Kapelle"
"Wenum Wiesel";"Apeldoorn"
"Wergea";"Leeuwarden"
"Werkendam";"Werkendam"
"Werkhoven";"Bunnik"
"Wernhout";"Zundert"
"Wervershoof";"Medemblik"
"Wesepe";"Olst-Wijhe"
"Wessem";"Maasgouw"
"Westbeemster";"Beemster"
"Westbroek";"DeBilt"
"Westdorp";"Borger-Odoorn"
"Westdorpe";"Terneuzen"
"Westendorp";"OudeIJsselstreek"
"Westerbeek";"SintAnthonis"
"Westerbork";"Midden-Drenthe"
"Westerbroek";"Hoogezand-Sappemeer"
"De Westereen";"Dantumadiel"
"Westeremden";"Loppersum"
"Westergeest";"KollumerlandenNieuwkruisland"
"Westerhaar-Vriezenveensewijk";"Twenterand"
"Westerhoven";"Bergeijk"
"Westerland";"HollandsKroon"
"Westerlee";"Oldambt"
"Westernieland";"DeMarne"
"Westervelde";"Noordenveld"
"Westervoort";"Westervoort"
"Westerwijtwerd";"Loppersum"
"West-Graftdijk";"Alkmaar"
"Westhem";"Súdwest-Fryslân"
"Westhoek";"hetBildt"
"Westkapelle";"Veere"
"Westknollendam";"Zaanstad"
"Westmaas";"Binnenmaas"
"West-Terschelling";"Terschelling"
"Westwoud";"Drechterland"
"Westzaan";"Zaanstad"
"Wetering";"Steenwijkerland"
"Weteringbrug";"Haarlemmermeer"
"Wetsens";"Dongeradeel"
"Wetsinge";"Winsum"
"Weurt";"Beuningen"
"Wezep";"Oldebroek"
"Wezup";"Coevorden"
"Wezuperbrug";"Coevorden"
"Wichmond";"Bronckhorst"
"Wier";"Menameradiel"
"Wierden";"Wierden"
"Wieringerwaard";"HollandsKroon"
"Wieringerwerf";"HollandsKroon"
"Wierum";"Dongeradeel"
"Wijchen";"Wijchen"
"Wijckel";"DeFryskeMarren"
"Wijdenes";"Drechterland"
"Wijdewormer";"Wormerland"
"Wijhe";"Olst-Wijhe"
"de Wijk";"DeWolden"
"Wijk aan Zee";"Beverwijk"
"Wijk bij Duurstede";"WijkbijDuurstede"
"Wijk en Aalburg";"Aalburg"
"Wijlre";"Gulpen-Wittem"
"Wijnaldum";"Harlingen"
"Wijnandsrade";"Nuth"
"Wijnbergen";"Montferland"
"Wijngaarden";"Molenwaard"
"Wijnjewoude";"Opsterland"
"Wijster";"Midden-Drenthe"
"Wilbertoord";"MillenSintHubert"
"Wildervank";"Veendam"
"De Wilgen";"Smallingerland"
"Wilhelminadorp";"Goes"
"Wilhelminaoord";"Westerveld"
"Willemsoord";"Steenwijkerland"
"Willemstad";"Moerdijk"
"Wilnis";"DeRondeVenen"
"Wilp";"Voorst"
"De Wilp";"Marum"
"Wilsum";"Kampen"
"Winde";"Tynaarlo"
"Windraak";"Sittard-Geleen"
"Winkel";"HollandsKroon"
"Winneweer";"TenBoer"
"Winschoten";"Oldambt"
"Winssen";"Beuningen"
"Winsum";"Littenseradiel"
"Winsum";"Winsum"
"Wintelre";"Eersel"
"Winterswijk";"Winterswijk"
"Winterswijk Brinkheurne";"Winterswijk"
"Winterswijk Corle";"Winterswijk"
"Winterswijk Henxel";"Winterswijk"
"Winterswijk Huppel";"Winterswijk"
"Winterswijk Kotten";"Winterswijk"
"Winterswijk Meddo";"Winterswijk"
"Winterswijk Miste";"Winterswijk"
"Winterswijk Ratum";"Winterswijk"
"Winterswijk Woold";"Winterswijk"
"Wirdum";"Leeuwarden"
"Wirdum Gn";"Loppersum"
"Wissenkerke";"Noord-Beveland"
"Witharen";"Ommen"
"Witmarsum";"Súdwest-Fryslân"
"Witte Paarden";"Steenwijkerland"
"Wittelte";"Westerveld"
"Wittem";"Gulpen-Wittem"
"Witteveen";"Midden-Drenthe"
"Wiuwert";"Littenseradiel"
"Wjelsryp";"Littenseradiel"
"Woensdrecht";"Woensdrecht"
"Woerden";"Woerden"
"Woerdense Verlaat";"Nieuwkoop"
"Wognum";"Medemblik"
"Woldendorp";"Delfzijl"
"Wolfheze";"Renkum"
"Wolphaartsdijk";"Goes"
"Wolsum";"Súdwest-Fryslân"
"Woltersum";"TenBoer"
"Wolvega";"Weststellingwerf"
"Wommels";"Littenseradiel"
"Wons";"Súdwest-Fryslân"
"Workum";"Súdwest-Fryslân"
"Wormer";"Wormerland"
"Wormerveer";"Zaanstad"
"Woubrugge";"KaagenBraassem"
"Woudbloem";"Slochteren"
"de Woude";"Castricum"
"Woudenberg";"Woudenberg"
"Woudrichem";"Woudrichem"
"Woudsend";"Súdwest-Fryslân"
"Wouw";"Roosendaal"
"Wouwse Plantage";"Roosendaal"
"Wyns";"Tytsjerksteradiel"
"Wytgaard";"Leeuwarden"
"Yde";"Tynaarlo"
"Yerseke";"Reimerswaal"
"Ypecolsga";"Súdwest-Fryslân"
"Ysbrechtum";"Súdwest-Fryslân"
"Ysselsteyn";"Venray"
"Zaamslag";"Terneuzen"
"Zaandam";"Zaanstad"
"Zaandijk";"Zaanstad"
"Zalk";"Kampen"
"Zaltbommel";"Zaltbommel"
"'t Zand";"Schagen"
"Zandberg";"Borger-Odoorn"
"Zandeweer";"Eemsmond"
"Zandhuizen";"Weststellingwerf"
"Zandpol";"Emmen"
"'t Zandt";"Loppersum"
"Zandvoort";"Zandvoort"
"Zeddam";"Montferland"
"Zeegse";"Tynaarlo"
"Zeeland";"Landerd"
"Zeerijp";"Loppersum"
"Zeewolde";"Zeewolde"
"Zegge";"Rucphen"
"Zegveld";"Woerden"
"Zeijen";"Tynaarlo"
"Zeijerveen";"Assen"
"Zeijerveld";"Assen"
"Zeist";"Zeist"
"Zelhem";"Bronckhorst"
"Zenderen";"Borne"
"Zennewijnen";"Tiel"
"Zennewijnen";"Neerijnen"
"Zetten";"Overbetuwe"
"Zevenaar";"Zevenaar"
"Zevenbergen";"Moerdijk"
"Zevenbergschen Hoek";"Moerdijk"
"Zevenbergschen Hoek";"Drimmelen"
"Zevenhoven";"Nieuwkoop"
"Zevenhuizen";"Zuidplas"
"Zevenhuizen";"Leek"
"Zierikzee";"Schouwen-Duiveland"
"Zieuwent";"OostGelre"
"Zijderveld";"Vianen"
"Zijdewind";"HollandsKroon"
"Zijldijk";"Loppersum"
"De Zilk";"Noordwijkerhout"
"Zoelen";"Buren"
"Zoelmond";"Buren"
"Zoetermeer";"Zoetermeer"
"Zoeterwoude";"Zoeterwoude"
"Zonnemaire";"Schouwen-Duiveland"
"Zorgvlied";"Westerveld"
"Zoutelande";"Veere"
"Zoutkamp";"DeMarne"
"Zuid-Beijerland";"Korendijk"
"Zuidbroek";"Menterwolde"
"Zuiddorpe";"Terneuzen"
"Zuidermeer";"Koggenland"
"Zuiderwoude";"Waterland"
"Zuidhorn";"Zuidhorn"
"Zuidlaarderveen";"Tynaarlo"
"Zuidland";"Nissewaard"
"Zuidlaren";"Tynaarlo"
"Zuidoostbeemster";"Beemster"
"Zuid-Scharwoude";"Langedijk"
"Zuidschermer";"Alkmaar"
"Zuidveen";"Steenwijkerland"
"Zuidveld";"Midden-Drenthe"
"Zuidvelde";"Noordenveld"
"Zuidwolde";"Bedum"
"Zuidwolde";"DeWolden"
"Zuidzande";"Sluis"
"Zuilichem";"Zaltbommel"
"Zuna";"Wierden"
"Zundert";"Zundert"
"Zurich";"Súdwest-Fryslân"
"Zutphen";"Zutphen"
"Zuurdijk";"DeMarne"
"Zwaag";"Hoorn"
"Zwaagdijk-Oost";"Medemblik"
"Zwaagdijk-West";"Medemblik"
"Zwaanshoek";"Haarlemmermeer"
"Zwagerbosch";"KollumerlandenNieuwkruisland"
"Zwammerdam";"AlphenaandenRijn"
"Zwanenburg";"Haarlemmermeer"
"Zwartebroek";"Barneveld"
"Zwartemeer";"Emmen"
"Zwartewaal";"Brielle"
"Zwartsluis";"Zwartewaterland"
"Zweeloo";"Coevorden"
"Zweins";"Franekeradeel"
"Zwiggelte";"Midden-Drenthe"
"Zwijndrecht";"Zwijndrecht"
"Zwinderen";"Coevorden"
"Zwolle";"Zwolle"