"Gemeente";"Jaar";"Totale bevolking";"Bevolkingsdichtheid";"Gemiddelde huishoudensgrootte";"Nieuwbouwwoningen";"Particuliere huishoudens";"Inkomen"
"Aa en Hunze";"2017";"25286";"92";"2,25";"22";"10,9";"44,1"
"Aalburg";"2017";"13067";"259";"2,63";"42";"4,9";"47,1"
"Aalsmeer";"2017";"31373";"1559";"2,40";"42";"12,8";"50,6"
"Aalten";"2017";"27047";"280";"2,34";"41";"11,3";"40,7"
"Ter Aar";"2017";"";"";"";"";"";""
"Aarle-Rixtel";"2017";"";"";"";"";"";""
"Abcoude";"2017";"";"";"";"";"";""
"Achtkarspelen";"2017";"27893";"273";"2,38";"30";"11,5";"37,6"
"Akersloot";"2017";"";"";"";"";"";""
"Alblasserdam";"2017";"20008";"2276";"2,46";"22";"8,0";"42,9"
"Albrandswaard";"2017";"25105";"1155";"2,43";"49";"10,0";"51,3"
"Alkemade";"2017";"";"";"";"";"";""
"Alkmaar";"2017";"108373";"981";"2,09";"198";"50,2";"39,9"
"Almelo";"2017";"72479";"1077";"2,22";"195";"31,6";"36,7"
"Almere";"2017";"200914";"1555";"2,37";"1622";"82,4";"42,3"
"Alphen aan den Rijn";"2017";"108915";"861";"2,30";"381";"46,4";"44,8"
"Alphen en Riel";"2017";"";"";"";"";"";""
"Alphen-Chaam";"2017";"10058";"108";"2,42";"33";"4,1";"48,9"
"Altena";"2017";"";"";"";"";"";""
"Ambt Delden";"2017";"";"";"";"";"";""
"Ambt Montfort";"2017";"";"";"";"";"";""
"Ameland";"2017";"3633";"62";"2,18";"12";"1,6";"."
"Amerongen";"2017";"";"";"";"";"";""
"Amersfoort";"2017";"154337";"2459";"2,27";"554";"65,9";"44,7"
"Ammerzoden";"2017";"";"";"";"";"";""
"Amstelveen";"2017";"89294";"2167";"2,07";"108";"39,5";"48,9"
"Amsterdam";"2017";"844947";"5111";"1,81";"4914";"423,4";"39,0"
"Andijk";"2017";"";"";"";"";"";""
"Angerlo";"2017";"";"";"";"";"";""
"Anloo";"2017";"";"";"";"";"";""
"Anna Paulowna";"2017";"";"";"";"";"";""
"Apeldoorn";"2017";"160047";"471";"2,20";"525";"69,9";"41,7"
"Appingedam";"2017";"11971";"503";"2,09";"23";"5,6";"34,6"
"Arcen en Velden";"2017";"";"";"";"";"";""
"Arnemuiden";"2017";"";"";"";"";"";""
"Arnhem";"2017";"155699";"1590";"1,95";"641";"72,7";"36,0"
"Assen";"2017";"67551";"825";"2,15";"315";"30,2";"38,3"
"Asten";"2017";"16714";"238";"2,32";"36";"7,0";"44,1"
"Avereest";"2017";"";"";"";"";"";""
"Axel";"2017";"";"";"";"";"";""
"Baarle-Nassau";"2017";"6657";"87";"2,24";"67";"2,9";"43,2"
"Baarn";"2017";"24529";"754";"2,13";"53";"10,9";"49,4"
"Bakel en Milheeze";"2017";"";"";"";"";"";""
"Barendrecht";"2017";"48344";"2436";"2,53";"60";"18,8";"50,7"
"Barneveld";"2017";"56376";"320";"2,64";"573";"20,7";"47,0"
"Bathmen";"2017";"";"";"";"";"";""
"Bedum";"2017";"10479";"235";"2,32";"47";"4,4";"41,0"
"Beek (L.)";"2017";"15951";"758";"2,17";"13";"7,3";"42,6"
"Beek en Donk";"2017";"";"";"";"";"";""
"Beekdaelen";"2017";"";"";"";"";"";""
"Beemster";"2017";"9205";"130";"2,39";"52";"3,7";"51,2"
"Beesel";"2017";"13405";"477";"2,30";"58";"5,8";"40,9"
"Beilen";"2017";"";"";"";"";"";""
"Belfeld";"2017";"";"";"";"";"";""
"Bellingwedde";"2017";"8919";"82";"2,18";"0";"4,0";"37,4"
"Bemmel";"2017";"";"";"";"";"";""
"Bennebroek";"2017";"";"";"";"";"";""
"Berg en Dal";"2017";"34764";"402";"2,19";"68";"15,2";"41,8"
"Bergambacht";"2017";"";"";"";"";"";""
"Bergeijk";"2017";"18342";"182";"2,38";"42";"7,6";"47,1"
"Bergen (L.)";"2017";"13095";"127";"2,33";"17";"5,5";"41,4"
"Bergen (NH.)";"2017";"29844";"307";"2,12";"145";"13,5";"50,3"
"Bergen op Zoom";"2017";"66164";"828";"2,20";"226";"29,1";"40,4"
"Bergeyk";"2017";"";"";"";"";"";""
"Bergh";"2017";"";"";"";"";"";""
"Bergschenhoek";"2017";"";"";"";"";"";""
"Berkel en Rodenrijs";"2017";"";"";"";"";"";""
"Berkel-Enschot";"2017";"";"";"";"";"";""
"Berkelland";"2017";"44238";"171";"2,34";"121";"18,6";"41,9"
"Berlicum";"2017";"";"";"";"";"";""
"Bernheze";"2017";"30252";"337";"2,48";"263";"12,0";"48,2"
"Bernisse";"2017";"";"";"";"";"";""
"Best";"2017";"29180";"851";"2,38";"69";"12,1";"48,0"
"Beuningen";"2017";"25424";"582";"2,34";"211";"10,7";"45,2"
"Beverwijk";"2017";"40709";"2223";"2,14";"71";"18,5";"39,2"
"het Bildt";"2017";"10493";"114";"2,25";"8";"4,5";"37,2"
"De Bilt";"2017";"42754";"647";"2,19";"11";"18,8";"51,9"
"Binnenmaas";"2017";"29122";"420";"2,30";"116";"12,4";"47,8"
"Bladel";"2017";"20063";"266";"2,35";"60";"8,4";"45,5"
"Bladel en Netersel";"2017";"";"";"";"";"";""
"Blaricum";"2017";"10201";"915";"2,24";"228";"4,5";"72,6"
"Bleiswijk";"2017";"";"";"";"";"";""
"Bloemendaal";"2017";"22826";"575";"2,31";"136";"9,4";"75,5"
"Boarnsterhim";"2017";"";"";"";"";"";""
"Bodegraven";"2017";"";"";"";"";"";""
"Bodegraven-Reeuwijk";"2017";"33733";"446";"2,44";"173";"13,6";"50,6"
"Boekel";"2017";"10414";"302";"2,54";"51";"4,0";"46,9"
"Ten Boer";"2017";"7288";"161";"2,41";"9";"2,9";"42,2"
"Bolsward";"2017";"";"";"";"";"";""
"Borculo";"2017";"";"";"";"";"";""
"Borger";"2017";"";"";"";"";"";""
"Borger-Odoorn";"2017";"25355";"92";"2,28";"33";"10,9";"40,5"
"Born";"2017";"";"";"";"";"";""
"Borne";"2017";"22795";"877";"2,37";"195";"9,4";"44,0"
"Borsele";"2017";"22688";"160";"2,38";"59";"9,4";"43,7"
"Boskoop";"2017";"";"";"";"";"";""
"Boxmeer";"2017";"28709";"258";"2,30";"146";"12,0";"44,0"
"Boxtel";"2017";"30655";"481";"2,25";"37";"13,2";"42,5"
"Brakel";"2017";"";"";"";"";"";""
"Breda";"2017";"182304";"1447";"2,06";"964";"81,2";"42,7"
"Brederwiede";"2017";"";"";"";"";"";""
"Breukelen";"2017";"";"";"";"";"";""
"Brielle";"2017";"16833";"611";"2,20";"104";"7,5";"46,7"
"Broekhuizen";"2017";"";"";"";"";"";""
"Bronckhorst";"2017";"36410";"128";"2,33";"49";"15,4";"45,5"
"Brouwershaven";"2017";"";"";"";"";"";""
"Bruinisse";"2017";"";"";"";"";"";""
"Brummen";"2017";"20843";"248";"2,28";"44";"9,0";"43,4"
"Brunssum";"2017";"28358";"1648";"2,05";"55";"13,5";"35,5"
"Budel";"2017";"";"";"";"";"";""
"Bunnik";"2017";"15156";"410";"2,33";"30";"6,3";"51,6"
"Bunschoten";"2017";"21020";"690";"2,61";"135";"7,9";"47,8"
"Buren";"2017";"26348";"197";"2,45";"79";"10,6";"48,0"
"Bussum";"2017";"";"";"";"";"";""
"Capelle aan den IJssel";"2017";"66421";"4671";"2,14";"3";"30,1";"40,3"
"Castricum";"2017";"35216";"711";"2,26";"146";"15,3";"49,7"
"Chaam";"2017";"";"";"";"";"";""
"Coevorden";"2017";"35286";"119";"2,26";"156";"15,2";"40,8"
"Cothen";"2017";"";"";"";"";"";""
"Cranendonck";"2017";"20676";"271";"2,31";"27";"8,7";"44,2"
"Cromstrijen";"2017";"12797";"235";"2,31";"9";"5,4";"48,5"
"Cuijk";"2017";"24696";"483";"2,31";"217";"10,5";"41,9"
"Culemborg";"2017";"27864";"951";"2,31";"202";"11,8";"43,9"
"Dalen";"2017";"";"";"";"";"";""
"Dalfsen";"2017";"28070";"170";"2,48";"74";"11,1";"46,0"
"Dantumadeel";"2017";"";"";"";"";"";""
"Dantumadiel";"2017";"18942";"223";"2,41";"63";"7,7";"38,8"
"Delft";"2017";"101381";"4437";"1,76";"765";"43,7";"38,2"
"Delfzijl";"2017";"24965";"188";"2,11";"19";"11,4";"35,9"
"Denekamp";"2017";"";"";"";"";"";""
"Deurne";"2017";"31933";"273";"2,34";"137";"13,3";"43,5"
"Deventer";"2017";"99295";"757";"2,15";"118";"43,8";"39,1"
"Didam";"2017";"";"";"";"";"";""
"Diemen";"2017";"27272";"2274";"1,98";"338";"11,7";"41,5"
"Diepenheim";"2017";"";"";"";"";"";""
"Diepenveen";"2017";"";"";"";"";"";""
"Diessen";"2017";"";"";"";"";"";""
"Diever";"2017";"";"";"";"";"";""
"Dinkelland";"2017";"26244";"149";"2,55";"107";"10,0";"47,4"
"Dinteloord en Prinsenland";"2017";"";"";"";"";"";""
"Dinxperlo";"2017";"";"";"";"";"";""
"Dirksland";"2017";"";"";"";"";"";""
"Dodewaard";"2017";"";"";"";"";"";""
"Doesburg";"2017";"11341";"982";"2,16";"37";"5,2";"37,9"
"Doetinchem";"2017";"57068";"722";"2,22";"144";"24,9";"40,1"
"Domburg";"2017";"";"";"";"";"";""
"Dongen";"2017";"25509";"871";"2,32";"210";"10,8";"43,7"
"Dongeradeel";"2017";"23901";"144";"2,29";"42";"10,2";"37,1"
"Doorn";"2017";"";"";"";"";"";""
"Dordrecht";"2017";"118731";"1510";"2,13";"225";"53,9";"39,2"
"Drechterland";"2017";"19384";"329";"2,40";"40";"8,0";"46,1"
"Driebergen-Rijsenburg";"2017";"";"";"";"";"";""
"Drimmelen";"2017";"26869";"281";"2,34";"72";"11,3";"46,0"
"Dronten";"2017";"40746";"122";"2,33";"113";"16,3";"42,6"
"Drunen";"2017";"";"";"";"";"";""
"Druten";"2017";"18563";"492";"2,38";"161";"7,6";"44,0"
"Duiveland";"2017";"";"";"";"";"";""
"Duiven";"2017";"25398";"749";"2,38";"42";"10,6";"43,9"
"Den Dungen";"2017";"";"";"";"";"";""
"Dussen";"2017";"";"";"";"";"";""
"Dwingeloo";"2017";"";"";"";"";"";""
"Echt";"2017";"";"";"";"";"";""
"Echteld";"2017";"";"";"";"";"";""
"Echt-Susteren";"2017";"31815";"309";"2,18";"29";"14,1";"41,6"
"Edam-Volendam";"2017";"35800";"659";"2,43";"106";"14,5";"49,7"
"Ede";"2017";"113421";"356";"2,34";"558";"45,9";"44,1"
"Eelde";"2017";"";"";"";"";"";""
"Eemnes";"2017";"8999";"290";"2,36";"121";"3,8";"49,3"
"Eemsmond";"2017";"15656";"83";"2,17";"4";"7,1";"35,8"
"Eersel";"2017";"18554";"225";"2,35";"43";"7,7";"51,6"
"Egmond";"2017";"";"";"";"";"";""
"Eibergen";"2017";"";"";"";"";"";""
"Eijsden";"2017";"";"";"";"";"";""
"Eijsden-Margraten";"2017";"25297";"327";"2,31";"193";"10,7";"47,2"
"Eindhoven";"2017";"226868";"2587";"1,93";"995";"106,4";"39,1"
"Elburg";"2017";"23026";"361";"2,51";"94";"9,0";"42,6"
"Elst";"2017";"";"";"";"";"";""
"Emmen";"2017";"107490";"321";"2,19";"80";"47,7";"37,2"
"Enkhuizen";"2017";"18479";"1457";"2,15";"29";"8,4";"40,1"
"Enschede";"2017";"158140";"1122";"2,01";"480";"69,1";"35,5"
"Epe";"2017";"32537";"208";"2,30";"55";"13,9";"43,2"
"Ermelo";"2017";"26590";"311";"2,31";"75";"10,9";"45,5"
"Esch";"2017";"";"";"";"";"";""
"Etten-Leur";"2017";"43027";"778";"2,32";"181";"18,2";"43,0"
"Ferwerderadeel";"2017";"";"";"";"";"";""
"Ferwerderadiel";"2017";"8735";"89";"2,36";"1";"3,6";"39,4"
"Fijnaart en Heijningen";"2017";"";"";"";"";"";""
"Franekeradeel";"2017";"20215";"197";"2,20";"47";"8,9";"37,3"
"De Friese Meren";"2017";"";"";"";"";"";""
"De Fryske Marren";"2017";"51585";"147";"2,31";"132";"21,8";"41,7"
"Gaasterlân-Sleat";"2017";"";"";"";"";"";""
"Gasselte";"2017";"";"";"";"";"";""
"Geertruidenberg";"2017";"21504";"807";"2,28";"6";"9,2";"43,2"
"Geldermalsen";"2017";"26587";"266";"2,49";"126";"10,5";"48,7"
"Geldrop";"2017";"";"";"";"";"";""
"Geldrop-Mierlo";"2017";"39078";"1260";"2,24";"75";"17,2";"43,1"
"Geleen";"2017";"";"";"";"";"";""
"Gemert";"2017";"";"";"";"";"";""
"Gemert-Bakel";"2017";"30024";"246";"2,37";"89";"12,5";"43,4"
"Gendringen";"2017";"";"";"";"";"";""
"Gendt";"2017";"";"";"";"";"";""
"Genemuiden";"2017";"";"";"";"";"";""
"Gennep";"2017";"17129";"359";"2,28";"31";"7,1";"41,5"
"Giessenlanden";"2017";"14596";"230";"2,51";"19";"5,8";"51,1"
"Gieten";"2017";"";"";"";"";"";""
"Gilze en Rijen";"2017";"26220";"400";"2,33";"53";"10,9";"43,1"
"Goedereede";"2017";"";"";"";"";"";""
"Goeree-Overflakkee";"2017";"48653";"186";"2,34";"349";"20,3";"44,5"
"Goes";"2017";"37274";"403";"2,11";"117";"17,0";"40,4"
"Goirle";"2017";"23317";"554";"2,32";"179";"9,9";"45,6"
"Gooise Meren";"2017";"56935";"1368";"2,21";"68";"25,1";"55,5"
"Goor";"2017";"";"";"";"";"";""
"Gorinchem";"2017";"35755";"1894";"2,21";"71";"15,8";"41,0"
"Gorssel";"2017";"";"";"";"";"";""
"Gouda";"2017";"71752";"4266";"2,18";"507";"31,8";"41,0"
"Graafstroom";"2017";"";"";"";"";"";""
"Graft-De Rijp";"2017";"";"";"";"";"";""
"Gramsbergen";"2017";"";"";"";"";"";""
"Grave";"2017";"12370";"455";"2,27";"106";"5,2";"42,7"
"'s-Graveland";"2017";"";"";"";"";"";""
"'s-Gravendeel";"2017";"";"";"";"";"";""
"'s-Gravenhage (gemeente)";"2017";"524882";"6347";"2,01";"2385";"240,7";"39,0"
"'s-Gravenmoer";"2017";"";"";"";"";"";""
"'s-Gravenzande";"2017";"";"";"";"";"";""
"Groenlo";"2017";"";"";"";"";"";""
"Groesbeek";"2017";"";"";"";"";"";""
"Groningen (gemeente)";"2017";"202636";"2125";"1,64";"978";"92,7";"33,5"
"Grootegast";"2017";"12166";"140";"2,50";"35";"4,8";"40,9"
"Grubbenvorst";"2017";"";"";"";"";"";""
"Gulpen";"2017";"";"";"";"";"";""
"Gulpen-Wittem";"2017";"14337";"196";"2,17";"27";"6,5";"41,8"
"Haaksbergen";"2017";"24272";"232";"2,38";"93";"10,0";"43,4"
"Haaren";"2017";"13912";"241";"2,38";"281";"5,7";"52,2"
"Haarlem";"2017";"159229";"5459";"2,04";"679";"74,7";"42,0"
"Haarlemmerliede en Spaarnwoude";"2017";"5665";"295";"2,34";"47";"2,4";"."
"Haarlemmermeer";"2017";"146003";"819";"2,37";"496";"60,1";"48,3"
"Haelen";"2017";"";"";"";"";"";""
"Halderberge";"2017";"29579";"397";"2,29";"34";"12,6";"43,0"
"Halsteren";"2017";"";"";"";"";"";""
"Den Ham";"2017";"";"";"";"";"";""
"Hardenberg";"2017";"60211";"193";"2,50";"216";"23,6";"42,0"
"Harderwijk";"2017";"46352";"1193";"2,33";"75";"19,5";"41,9"
"Hardinxveld-Giessendam";"2017";"17872";"1056";"2,55";"47";"6,9";"44,7"
"Haren";"2017";"19570";"431";"2,18";"183";"8,6";"50,3"
"Harenkarspel";"2017";"";"";"";"";"";""
"Harlingen";"2017";"15860";"635";"2,10";"38";"7,2";"36,0"
"Harmelen";"2017";"";"";"";"";"";""
"Hasselt";"2017";"";"";"";"";"";""
"Hattem";"2017";"12040";"522";"2,39";"17";"5,0";"46,5"
"Havelte";"2017";"";"";"";"";"";""
"Hedel";"2017";"";"";"";"";"";""
"Heel";"2017";"";"";"";"";"";""
"Heemskerk";"2017";"39171";"1439";"2,23";"12";"17,2";"42,8"
"Heemstede";"2017";"26936";"2934";"2,21";"46";"11,8";"59,1"
"Heerde";"2017";"18561";"236";"2,41";"16";"7,5";"44,7"
"Heerenveen";"2017";"50203";"264";"2,20";"171";"22,2";"39,8"
"Heerewaarden";"2017";"";"";"";"";"";""
"Heerhugowaard";"2017";"54950";"1435";"2,36";"411";"22,6";"42,9"
"Heerjansdam";"2017";"";"";"";"";"";""
"Heerlen";"2017";"87189";"1939";"1,90";"108";"44,2";"33,0"
"Heesch";"2017";"";"";"";"";"";""
"Heeze";"2017";"";"";"";"";"";""
"Heeze-Leende";"2017";"15714";"151";"2,35";"119";"6,5";"49,7"
"Heiloo";"2017";"22857";"1222";"2,20";"149";"10,2";"48,2"
"Heino";"2017";"";"";"";"";"";""
"Helden";"2017";"";"";"";"";"";""
"Den Helder";"2017";"56020";"1242";"2,04";"52";"26,4";"36,2"
"Hellendoorn";"2017";"35772";"259";"2,43";"58";"14,4";"43,2"
"Hellevoetsluis";"2017";"38722";"1230";"2,21";"11";"17,2";"43,3"
"Helmond";"2017";"90602";"1703";"2,27";"256";"39,4";"39,4"
"Helvoirt";"2017";"";"";"";"";"";""
"Hendrik-Ido-Ambacht";"2017";"29731";"2801";"2,52";"298";"11,6";"47,9"
"Hengelo (Gld.)";"2017";"";"";"";"";"";""
"Hengelo (O.)";"2017";"80802";"1327";"2,15";"144";"36,4";"38,3"
"'s-Hertogenbosch";"2017";"152411";"1379";"2,11";"774";"69,3";"42,3"
"Heteren";"2017";"";"";"";"";"";""
"Heumen";"2017";"16475";"414";"2,32";"58";"6,9";"48,4"
"Heusden";"2017";"43516";"552";"2,36";"179";"18,2";"45,3"
"Heythuysen";"2017";"";"";"";"";"";""
"Hillegom";"2017";"21316";"1656";"2,22";"257";"9,4";"43,8"
"Hilvarenbeek";"2017";"15283";"161";"2,39";"47";"6,3";"48,4"
"Hilversum";"2017";"88888";"1949";"2,08";"155";"41,0";"44,6"
"Hoeksche Waard";"2017";"";"";"";"";"";""
"Hoevelaken";"2017";"";"";"";"";"";""
"Hoeven";"2017";"";"";"";"";"";""
"Hof van Twente";"2017";"35011";"165";"2,36";"76";"14,6";"45,5"
"Het Hogeland";"2017";"";"";"";"";"";""
"Hollands Kroon";"2017";"47600";"133";"2,34";"82";"20,1";"42,9"
"Holten";"2017";"";"";"";"";"";""
"Hontenisse";"2017";"";"";"";"";"";""
"Hooge en Lage Mierde";"2017";"";"";"";"";"";""
"Hooge en Lage Zwaluwe";"2017";"";"";"";"";"";""
"Hoogeloon, Hapert en Casteren";"2017";"";"";"";"";"";""
"Hoogeveen";"2017";"55311";"434";"2,27";"181";"23,6";"37,9"
"Hoogezand-Sappemeer";"2017";"34232";"515";"2,13";"63";"15,5";"35,0"
"Hoorn";"2017";"72493";"3560";"2,19";"145";"32,4";"40,7"
"Horst";"2017";"";"";"";"";"";""
"Horst aan de Maas";"2017";"42139";"223";"2,36";"141";"17,6";"44,2"
"Houten";"2017";"49300";"895";"2,49";"174";"19,5";"51,4"
"Huijbergen";"2017";"";"";"";"";"";""
"Huissen";"2017";"";"";"";"";"";""
"Huizen";"2017";"41382";"2618";"2,23";"14";"18,2";"46,9"
"Hulst";"2017";"27395";"136";"2,16";"70";"12,3";"41,2"
"Hummelo en Keppel";"2017";"";"";"";"";"";""
"Hunsel";"2017";"";"";"";"";"";""
"IJsselham";"2017";"";"";"";"";"";""
"IJsselmuiden";"2017";"";"";"";"";"";""
"IJsselstein";"2017";"34208";"1621";"2,38";"23";"14,1";"48,4"
"Jacobswoude";"2017";"";"";"";"";"";""
"Kaag en Braassem";"2017";"26374";"417";"2,36";"79";"11,0";"48,4"
"Kampen";"2017";"52511";"369";"2,43";"291";"21,1";"40,4"
"Kapelle";"2017";"12622";"340";"2,43";"40";"5,1";"45,2"
"Katwijk";"2017";"64532";"2622";"2,46";"245";"25,5";"44,6"
"Kerkrade";"2017";"45937";"2097";"1,98";"119";"22,4";"33,6"
"Kerkwijk";"2017";"";"";"";"";"";""
"Kessel";"2017";"";"";"";"";"";""
"Kesteren";"2017";"";"";"";"";"";""
"Klundert";"2017";"";"";"";"";"";""
"Koggenland";"2017";"22522";"280";"2,43";"61";"9,1";"46,7"
"Kollumerland en Nieuwkruisland";"2017";"12872";"117";"2,38";"39";"5,3";"38,7"
"Korendijk";"2017";"10959";"144";"2,43";"14";"4,4";"47,6"
"Krimpen aan den IJssel";"2017";"29123";"3792";"2,35";"110";"12,1";"44,5"
"Krimpenerwaard";"2017";"55204";"369";"2,36";"147";"22,9";"45,8"
"Laarbeek";"2017";"21942";"396";"2,37";"93";"9,1";"44,8"
"Landerd";"2017";"15332";"218";"2,48";"39";"6,0";"48,6"
"Landgraaf";"2017";"37458";"1524";"2,09";"84";"17,4";"37,5"
"Landsmeer";"2017";"11275";"501";"2,33";"93";"4,8";"51,4"
"Langbroek";"2017";"";"";"";"";"";""
"Langedijk";"2017";"27608";"1155";"2,42";"151";"11,3";"46,9"
"Lansingerland";"2017";"60105";"1109";"2,60";"311";"22,7";"54,3"
"Laren (NH.)";"2017";"11088";"893";"2,16";"31";"4,9";"79,0"
"Leek";"2017";"19643";"311";"2,30";"25";"8,3";"41,2"
"Leende";"2017";"";"";"";"";"";""
"Leerdam";"2017";"20905";"619";"2,39";"105";"8,5";"41,4"
"Leersum";"2017";"";"";"";"";"";""
"Leeuwarden";"2017";"108667";"704";"1,91";"490";"50,5";"35,1"
"Leeuwarderadeel";"2017";"10108";"247";"2,34";"14";"4,2";"41,8"
"Leiden";"2017";"123661";"5630";"1,81";"538";"55,4";"40,0"
"Leiderdorp";"2017";"27128";"2349";"2,21";"48";"12,0";"45,8"
"Leidschendam";"2017";"";"";"";"";"";""
"Leidschendam-Voorburg";"2017";"74604";"2286";"2,05";"28";"35,3";"45,0"
"Lelystad";"2017";"76937";"334";"2,28";"146";"32,8";"39,3"
"Lemsterland";"2017";"";"";"";"";"";""
"Leudal";"2017";"35878";"220";"2,28";"54";"15,2";"44,1"
"Leusden";"2017";"29677";"506";"2,32";"135";"12,6";"49,1"
"Lichtenvoorde";"2017";"";"";"";"";"";""
"Liemeer";"2017";"";"";"";"";"";""
"Liempde";"2017";"";"";"";"";"";""
"Lienden";"2017";"";"";"";"";"";""
"De Lier";"2017";"";"";"";"";"";""
"Lieshout";"2017";"";"";"";"";"";""
"Liesveld";"2017";"";"";"";"";"";""
"Limmen";"2017";"";"";"";"";"";""
"Lingewaal";"2017";"11158";"221";"2,46";"57";"4,5";"46,9"
"Lingewaard";"2017";"46182";"742";"2,36";"75";"19,2";"44,1"
"Lisse";"2017";"22717";"1448";"2,24";"37";"10,0";"44,5"
"Lith";"2017";"";"";"";"";"";""
"Littenseradiel";"2017";"10746";"82";"2,40";"21";"4,4";"43,8"
"Lochem";"2017";"33545";"157";"2,25";"149";"14,5";"46,9"
"Loenen";"2017";"";"";"";"";"";""
"Loon op Zand";"2017";"23093";"462";"2,31";"64";"9,8";"44,0"
"Loosdrecht";"2017";"";"";"";"";"";""
"Lopik";"2017";"14208";"188";"2,58";"54";"5,4";"49,3"
"Loppersum";"2017";"9914";"89";"2,25";"79";"4,3";"39,4"
"Losser";"2017";"22482";"228";"2,37";"120";"9,2";"41,7"
"Luyksgestel";"2017";"";"";"";"";"";""
"Maarheeze";"2017";"";"";"";"";"";""
"Maarn";"2017";"";"";"";"";"";""
"Maarssen";"2017";"";"";"";"";"";""
"Maartensdijk";"2017";"";"";"";"";"";""
"Maasbracht";"2017";"";"";"";"";"";""
"Maasbree";"2017";"";"";"";"";"";""
"Maasdonk";"2017";"";"";"";"";"";""
"Maasdriel";"2017";"24250";"367";"2,43";"103";"9,8";"46,4"
"Maasgouw";"2017";"23774";"520";"2,20";"33";"10,4";"43,4"
"Maasland";"2017";"";"";"";"";"";""
"Maassluis";"2017";"32450";"3821";"2,19";"124";"14,6";"40,6"
"Maastricht";"2017";"122753";"2179";"1,75";"175";"54,3";"36,1"
"Made";"2017";"";"";"";"";"";""
"Made en Drimmelen";"2017";"";"";"";"";"";""
"Margraten";"2017";"";"";"";"";"";""
"Mariekerke";"2017";"";"";"";"";"";""
"Markelo";"2017";"";"";"";"";"";""
"De Marne";"2017";"10088";"59";"2,14";"4";"4,6";"36,8"
"Marum";"2017";"10388";"161";"2,42";"37";"4,2";"42,9"
"Maurik";"2017";"";"";"";"";"";""
"Medemblik";"2017";"44058";"363";"2,36";"208";"18,3";"43,6"
"Meerlo-Wanssum";"2017";"";"";"";"";"";""
"Meerssen";"2017";"19072";"708";"2,22";"6";"8,4";"45,7"
"Meierijstad";"2017";"79869";"434";"2,35";"312";"33,4";"46,4"
"Meijel";"2017";"";"";"";"";"";""
"Menaldumadeel";"2017";"";"";"";"";"";""
"Menameradiel";"2017";"13454";"195";"2,34";"22";"5,7";"41,4"
"Menterwolde";"2017";"12162";"152";"2,24";"3";"5,3";"38,0"
"Meppel";"2017";"33025";"594";"2,20";"215";"14,6";"39,6"
"Middelburg (Z.)";"2017";"48019";"991";"2,08";"162";"21,8";"39,8"
"Middelharnis";"2017";"";"";"";"";"";""
"Midden-Delfland";"2017";"19034";"402";"2,48";"134";"7,5";"54,1"
"Midden-Drenthe";"2017";"33399";"98";"2,29";"145";"14,1";"42,0"
"Midden-Groningen";"2017";"";"";"";"";"";""
"Middenschouwen";"2017";"";"";"";"";"";""
"Middenveld";"2017";"";"";"";"";"";""
"Mierlo";"2017";"";"";"";"";"";""
"Mill en Sint Hubert";"2017";"10807";"207";"2,40";"43";"4,4";"44,6"
"Millingen aan de Rijn";"2017";"";"";"";"";"";""
"Moerdijk";"2017";"36944";"232";"2,30";"62";"15,8";"43,6"
"Moergestel";"2017";"";"";"";"";"";""
"Molenlanden";"2017";"";"";"";"";"";""
"Molenwaard";"2017";"29212";"247";"2,69";"73";"10,7";"49,1"
"Monster";"2017";"";"";"";"";"";""
"Montferland";"2017";"35316";"334";"2,31";"128";"15,1";"41,4"
"Montfoort";"2017";"13866";"368";"2,49";"64";"5,5";"49,9"
"Mook en Middelaar";"2017";"7775";"447";"2,23";"56";"3,4";"49,7"
"Moordrecht";"2017";"";"";"";"";"";""
"Muiden";"2017";"";"";"";"";"";""
"Naaldwijk";"2017";"";"";"";"";"";""
"Naarden";"2017";"";"";"";"";"";""
"Neder-Betuwe";"2017";"23303";"388";"2,70";"114";"8,5";"45,4"
"Nederhorst den Berg";"2017";"";"";"";"";"";""
"Nederlek";"2017";"";"";"";"";"";""
"Nederweert";"2017";"16864";"169";"2,34";"92";"7,1";"43,7"
"Neede";"2017";"";"";"";"";"";""
"Neerijnen";"2017";"12344";"187";"2,58";"40";"4,7";"49,5"
"Niedorp";"2017";"";"";"";"";"";""
"Nieuwegein";"2017";"61868";"2625";"2,17";"292";"27,9";"41,2"
"Nieuwerkerk aan den IJssel";"2017";"";"";"";"";"";""
"Nieuw-Ginneken";"2017";"";"";"";"";"";""
"Nieuwkoop";"2017";"27914";"357";"2,42";"177";"11,2";"49,6"
"Nieuw-Lekkerland";"2017";"";"";"";"";"";""
"Nieuwleusen";"2017";"";"";"";"";"";""
"Nieuw-Vossemeer";"2017";"";"";"";"";"";""
"Nijefurd";"2017";"";"";"";"";"";""
"Nijeveen";"2017";"";"";"";"";"";""
"Nijkerk";"2017";"41775";"602";"2,47";"326";"16,7";"47,1"
"Nijmegen";"2017";"173556";"3238";"1,80";"1367";"79,4";"36,5"
"Nissewaard";"2017";"85401";"1026";"2,19";"192";"38,4";"40,9"
"Noardeast-Fryslân";"2017";"";"";"";"";"";""
"Noord-Beveland";"2017";"7382";"86";"2,07";"46";"3,5";"40,0"
"Noordenveld";"2017";"32981";"165";"2,23";"27";"13,7";"42,3"
"Noorder-Koggenland";"2017";"";"";"";"";"";""
"Noordoostpolder";"2017";"46544";"101";"2,40";"253";"18,7";"41,5"
"Noordwijk";"2017";"25867";"723";"2,14";"19";"11,5";"48,9"
"Noordwijkerhout";"2017";"16318";"722";"2,27";"78";"7,0";"46,0"
"Nootdorp";"2017";"";"";"";"";"";""
"Norg";"2017";"";"";"";"";"";""
"Nuenen, Gerwen en Nederwetten";"2017";"22866";"678";"2,29";"96";"9,9";"50,0"
"Nunspeet";"2017";"26892";"209";"2,51";"157";"10,4";"44,8"
"Nuth";"2017";"15305";"462";"2,19";"15";"6,8";"43,1"
"Obdam";"2017";"";"";"";"";"";""
"Odoorn";"2017";"";"";"";"";"";""
"Oegstgeest";"2017";"23608";"3235";"2,24";"17";"10,1";"56,6"
"Oirschot";"2017";"18499";"182";"2,44";"80";"7,4";"49,3"
"Oisterwijk";"2017";"25936";"406";"2,28";"151";"11,0";"49,7"
"Oldambt";"2017";"38108";"168";"2,10";"41";"17,8";"34,9"
"Oldebroek";"2017";"23256";"238";"2,55";"66";"8,9";"42,5"
"Oldenzaal";"2017";"32006";"1485";"2,27";"79";"13,8";"40,7"
"Olst";"2017";"";"";"";"";"";""
"Olst-Wijhe";"2017";"17957";"158";"2,39";"74";"7,3";"45,0"
"Ommen";"2017";"17531";"97";"2,39";"105";"7,1";"43,5"
"Onderbanken";"2017";"7865";"372";"2,25";"2";"3,5";"40,3"
"Oost Gelre";"2017";"29634";"270";"2,36";"45";"12,2";"43,5"
"Oost-, West- en Middelbeers";"2017";"";"";"";"";"";""
"Oostburg";"2017";"";"";"";"";"";""
"Oosterhesselen";"2017";"";"";"";"";"";""
"Oosterhout";"2017";"54604";"764";"2,23";"256";"24,1";"42,7"
"Oostflakkee";"2017";"";"";"";"";"";""
"Ooststellingwerf";"2017";"25540";"114";"2,23";"27";"11,0";"38,7"
"Oostzaan";"2017";"9652";"837";"2,36";"30";"4,0";"48,3"
"Ootmarsum";"2017";"";"";"";"";"";""
"Opmeer";"2017";"11420";"275";"2,41";"41";"4,7";"45,5"
"Opsterland";"2017";"29718";"132";"2,35";"61";"12,3";"41,7"
"Oss";"2017";"90376";"554";"2,28";"293";"39,0";"42,4"
"Ossendrecht";"2017";"";"";"";"";"";""
"Oud en Nieuw Gastel";"2017";"";"";"";"";"";""
"Oud-Beijerland";"2017";"24015";"1282";"2,38";"32";"10,0";"46,7"
"Oude IJsselstreek";"2017";"39568";"290";"2,30";"31";"16,8";"40,0"
"Oudenbosch";"2017";"";"";"";"";"";""
"Ouder-Amstel";"2017";"13419";"557";"2,23";"54";"5,8";"53,0"
"Ouderkerk";"2017";"";"";"";"";"";""
"Oudewater";"2017";"10187";"261";"2,39";"11";"4,2";"50,1"
"Overbetuwe";"2017";"47394";"434";"2,43";"118";"19,1";"45,7"
"Papendrecht";"2017";"32292";"3430";"2,29";"48";"14,0";"43,7"
"Peel en Maas";"2017";"43347";"272";"2,39";"96";"17,8";"44,6"
"Peize";"2017";"";"";"";"";"";""
"Pekela";"2017";"12517";"255";"2,21";"15";"5,4";"34,9"
"Pijnacker";"2017";"";"";"";"";"";""
"Pijnacker-Nootdorp";"2017";"52656";"1411";"2,56";"340";"20,0";"52,5"
"Prinsenbeek";"2017";"";"";"";"";"";""
"Purmerend";"2017";"79928";"3446";"2,21";"58";"35,4";"41,1"
"Putte";"2017";"";"";"";"";"";""
"Putten";"2017";"24428";"287";"2,49";"80";"9,7";"47,0"
"Raalte";"2017";"36907";"216";"2,40";"165";"15,1";"43,8"
"Raamsdonk";"2017";"";"";"";"";"";""
"Ravenstein";"2017";"";"";"";"";"";""
"Reeuwijk";"2017";"";"";"";"";"";""
"Reiderland";"2017";"";"";"";"";"";""
"Reimerswaal";"2017";"22356";"220";"2,52";"121";"8,7";"42,8"
"Renkum";"2017";"31391";"683";"2,11";"80";"14,3";"44,7"
"Renswoude";"2017";"5101";"277";"2,70";"93";"1,9";"."
"Reusel";"2017";"";"";"";"";"";""
"Reusel-De Mierden";"2017";"12908";"166";"2,42";"49";"5,3";"47,1"
"Rheden";"2017";"43645";"534";"2,04";"40";"20,2";"39,7"
"Rhenen";"2017";"19597";"466";"2,41";"81";"8,0";"44,8"
"Ridderkerk";"2017";"45408";"1915";"2,20";"213";"20,4";"41,0"
"Riethoven";"2017";"";"";"";"";"";""
"Rijnsburg";"2017";"";"";"";"";"";""
"Rijnwaarden";"2017";"10852";"274";"2,29";"7";"4,7";"39,2"
"Rijnwoude";"2017";"";"";"";"";"";""
"Rijsbergen";"2017";"";"";"";"";"";""
"Rijssen";"2017";"";"";"";"";"";""
"Rijssen-Holten";"2017";"37983";"404";"2,68";"160";"14,0";"45,6"
"Rijswijk (ZH.)";"2017";"51027";"3632";"1,96";"277";"25,0";"39,6"
"Roden";"2017";"";"";"";"";"";""
"Roerdalen";"2017";"20700";"235";"2,19";"33";"9,1";"41,6"
"Roermond";"2017";"57390";"943";"2,07";"128";"27,0";"37,7"
"Roggel en Neer";"2017";"";"";"";"";"";""
"Rolde";"2017";"";"";"";"";"";""
"De Ronde Venen";"2017";"42763";"428";"2,34";"360";"18,0";"53,0"
"Roosendaal";"2017";"77163";"725";"2,20";"53";"34,0";"40,4"
"Roosendaal en Nispen";"2017";"";"";"";"";"";""
"Rosmalen";"2017";"";"";"";"";"";""
"Rossum";"2017";"";"";"";"";"";""
"Rotterdam";"2017";"634660";"2943";"1,95";"1526";"299,3";"35,5"
"Rozenburg";"2017";"";"";"";"";"";""
"Rozendaal";"2017";"1498";"54";"2,34";"27";"0,6";"."
"Rucphen";"2017";"22345";"347";"2,31";"33";"9,5";"42,1"
"Ruinen";"2017";"";"";"";"";"";""
"Ruinerwold";"2017";"";"";"";"";"";""
"Ruurlo";"2017";"";"";"";"";"";""
"Sas van Gent";"2017";"";"";"";"";"";""
"Sassenheim";"2017";"";"";"";"";"";""
"Schagen";"2017";"46193";"275";"2,27";"118";"19,9";"43,4"
"Scheemda";"2017";"";"";"";"";"";""
"Schermer";"2017";"";"";"";"";"";""
"Scherpenzeel";"2017";"9704";"704";"2,51";"98";"3,8";"45,4"
"Schiedam";"2017";"77838";"4323";"2,09";"89";"35,8";"36,7"
"Schiermonnikoog";"2017";"941";"25";"1,84";"9";"0,5";"."
"Schijndel";"2017";"";"";"";"";"";""
"Schinnen";"2017";"12954";"538";"2,23";"5";"5,7";"43,9"
"Schipluiden";"2017";"";"";"";"";"";""
"Schoonebeek";"2017";"";"";"";"";"";""
"Schoonhoven";"2017";"";"";"";"";"";""
"Schoorl";"2017";"";"";"";"";"";""
"Schouwen-Duiveland";"2017";"33765";"147";"2,17";"113";"15,3";"43,3"
"Sevenum";"2017";"";"";"";"";"";""
"Simpelveld";"2017";"10571";"659";"2,15";"6";"4,8";"39,7"
"Sint Anthonis";"2017";"11594";"117";"2,45";"32";"4,6";"48,5"
"Sint-Michielsgestel";"2017";"28584";"489";"2,42";"233";"11,6";"49,5"
"Sint-Oedenrode";"2017";"";"";"";"";"";""
"Sittard";"2017";"";"";"";"";"";""
"Sittard-Geleen";"2017";"93319";"1181";"2,03";"163";"44,2";"38,0"
"Skarsterlân";"2017";"";"";"";"";"";""
"Sleen";"2017";"";"";"";"";"";""
"Sliedrecht";"2017";"25012";"1949";"2,33";"26";"10,3";"40,6"
"Slochteren";"2017";"14737";"110";"2,33";"14";"6,2";"42,0"
"Sluis";"2017";"23658";"85";"2,07";"10";"11,2";"39,6"
"Sluis-Aardenburg";"2017";"";"";"";"";"";""
"Smallingerland";"2017";"55695";"473";"2,21";"126";"24,3";"37,7"
"Smilde";"2017";"";"";"";"";"";""
"Sneek";"2017";"";"";"";"";"";""
"Soest";"2017";"45874";"992";"2,25";"120";"20,0";"47,2"
"Someren";"2017";"19036";"237";"2,38";"104";"7,8";"45,7"
"Son en Breugel";"2017";"16626";"641";"2,37";"92";"6,9";"50,2"
"Spijkenisse";"2017";"";"";"";"";"";""
"Sprang-Capelle";"2017";"";"";"";"";"";""
"St. Anthonis";"2017";"";"";"";"";"";""
"Stad Delden";"2017";"";"";"";"";"";""
"Stadskanaal";"2017";"32252";"274";"2,17";"14";"14,4";"35,5"
"Standdaarbuiten";"2017";"";"";"";"";"";""
"Staphorst";"2017";"16691";"124";"2,91";"113";"5,7";"47,6"
"Stede Broec";"2017";"21552";"1481";"2,36";"78";"9,0";"41,6"
"Steenbergen";"2017";"23970";"164";"2,26";"76";"10,1";"42,5"
"Steenderen";"2017";"";"";"";"";"";""
"Steenwijk";"2017";"";"";"";"";"";""
"Steenwijkerland";"2017";"43448";"150";"2,28";"134";"18,7";"40,1"
"Stein (L.)";"2017";"25059";"1187";"2,18";"14";"11,4";"40,7"
"Stichtse Vecht";"2017";"64450";"670";"2,30";"57";"27,4";"50,3"
"Stramproy";"2017";"";"";"";"";"";""
"Strijen";"2017";"8785";"175";"2,28";"15";"3,8";"45,5"
"Súdwest-Fryslân";"2017";"84158";"185";"2,24";"209";"36,7";"39,3"
"Susteren";"2017";"";"";"";"";"";""
"Swalmen";"2017";"";"";"";"";"";""
"Tegelen";"2017";"";"";"";"";"";""
"Terheijden";"2017";"";"";"";"";"";""
"Terneuzen";"2017";"54588";"218";"2,12";"127";"25,1";"39,1"
"Terschelling";"2017";"4859";"58";"1,87";"28";"2,2";"."
"Teteringen";"2017";"";"";"";"";"";""
"Texel";"2017";"13545";"84";"2,14";"49";"6,2";"41,5"
"Teylingen";"2017";"36093";"1269";"2,35";"347";"14,9";"51,5"
"Tholen";"2017";"25527";"174";"2,46";"49";"10,3";"42,2"
"Thorn";"2017";"";"";"";"";"";""
"Tiel";"2017";"41488";"1262";"2,29";"42";"17,6";"40,0"
"Tilburg";"2017";"213804";"1824";"2,00";"967";"95,1";"37,7"
"Tubbergen";"2017";"21153";"144";"2,64";"148";"7,9";"47,9"
"Twenterand";"2017";"33845";"318";"2,57";"51";"13,0";"41,3"
"Tynaarlo";"2017";"33280";"232";"2,30";"111";"13,9";"46,8"
"Tytsjerksteradiel";"2017";"31963";"214";"2,32";"51";"13,2";"41,0"
"Ubbergen";"2017";"";"";"";"";"";""
"Uden";"2017";"41384";"617";"2,27";"198";"17,9";"42,7"
"Udenhout";"2017";"";"";"";"";"";""
"Uitgeest";"2017";"13465";"703";"2,41";"13";"5,5";"48,1"
"Uithoorn";"2017";"29201";"1602";"2,28";"167";"12,6";"45,5"
"Urk";"2017";"20220";"1757";"3,32";"77";"6,0";"47,8"
"Utrecht (gemeente)";"2017";"343038";"3644";"1,92";"2255";"151,6";"41,3"
"Utrechtse Heuvelrug";"2017";"49035";"371";"2,22";"65";"20,8";"52,3"
"Vaals";"2017";"9710";"406";"1,88";"6";"4,7";"34,7"
"Valburg";"2017";"";"";"";"";"";""
"Valkenburg (ZH.)";"2017";"";"";"";"";"";""
"Valkenburg aan de Geul";"2017";"16440";"448";"2,05";"0";"7,8";"40,4"
"Valkenisse";"2017";"";"";"";"";"";""
"Valkenswaard";"2017";"30516";"556";"2,15";"105";"13,9";"41,9"
"Veendam";"2017";"27527";"362";"2,18";"20";"12,3";"36,8"
"Veenendaal";"2017";"64277";"3299";"2,38";"393";"26,6";"42,3"
"Veere";"2017";"21900";"165";"2,30";"45";"9,3";"46,0"
"Veghel";"2017";"";"";"";"";"";""
"Veldhoven";"2017";"44724";"1411";"2,25";"124";"19,4";"45,9"
"Velsen";"2017";"67619";"1509";"2,20";"104";"30,1";"42,6"
"Venhuizen";"2017";"";"";"";"";"";""
"Venlo";"2017";"101059";"812";"2,11";"109";"46,1";"37,6"
"Venray";"2017";"43565";"267";"2,29";"96";"18,5";"42,1"
"Vessem, Wintelre en Knegsel";"2017";"";"";"";"";"";""
"Vianen";"2017";"19714";"503";"2,38";"177";"8,2";"44,4"
"Vierlingsbeek";"2017";"";"";"";"";"";""
"Vijfheerenlanden";"2017";"";"";"";"";"";""
"Vlaardingen";"2017";"71999";"3046";"2,08";"351";"33,7";"37,4"
"Vlagtwedde";"2017";"15908";"95";"2,17";"12";"7,0";"37,4"
"Vledder";"2017";"";"";"";"";"";""
"Vleuten-De Meern";"2017";"";"";"";"";"";""
"Vlieland";"2017";"1085";"31";"1,84";"1";"0,6";"."
"Vlijmen";"2017";"";"";"";"";"";""
"Vlissingen";"2017";"44394";"1296";"1,98";"204";"21,3";"36,0"
"Vlist";"2017";"";"";"";"";"";""
"Voerendaal";"2017";"12462";"395";"2,23";"59";"5,5";"44,6"
"Voorburg";"2017";"";"";"";"";"";""
"Voorhout";"2017";"";"";"";"";"";""
"Voorschoten";"2017";"25315";"2267";"2,26";"69";"10,9";"51,1"
"Voorst";"2017";"24199";"197";"2,37";"36";"9,9";"45,6"
"Vorden";"2017";"";"";"";"";"";""
"Vries";"2017";"";"";"";"";"";""
"Vriezenveen";"2017";"";"";"";"";"";""
"Vught";"2017";"26183";"782";"2,25";"64";"11,0";"52,5"
"Waadhoeke";"2017";"";"";"";"";"";""
"Waalre";"2017";"16898";"755";"2,30";"25";"7,3";"54,3"
"Waalwijk";"2017";"47410";"734";"2,22";"230";"20,9";"41,4"
"Waddinxveen";"2017";"26536";"949";"2,37";"406";"11,1";"45,0"
"Wageningen";"2017";"38458";"1264";"1,70";"236";"14,8";"39,9"
"Warmond";"2017";"";"";"";"";"";""
"Warnsveld";"2017";"";"";"";"";"";""
"Waspik";"2017";"";"";"";"";"";""
"Wassenaar";"2017";"26055";"509";"2,24";"8";"11,1";"71,6"
"Wateringen";"2017";"";"";"";"";"";""
"Waterland";"2017";"17290";"332";"2,30";"15";"7,4";"49,9"
"Weerselo";"2017";"";"";"";"";"";""
"Weert";"2017";"49574";"475";"2,20";"208";"21,9";"41,1"
"Weesp";"2017";"18751";"822";"2,11";"196";"8,6";"42,9"
"Wehl";"2017";"";"";"";"";"";""
"Werkendam";"2017";"26844";"263";"2,50";"209";"10,5";"46,1"
"Wervershoof";"2017";"";"";"";"";"";""
"West Betuwe";"2017";"";"";"";"";"";""
"West Maas en Waal";"2017";"18820";"244";"2,32";"54";"8,0";"44,2"
"Westerbork";"2017";"";"";"";"";"";""
"Westerhoven";"2017";"";"";"";"";"";""
"Wester-Koggenland";"2017";"";"";"";"";"";""
"Westerkwartier";"2017";"";"";"";"";"";""
"Westerschouwen";"2017";"";"";"";"";"";""
"Westerveld";"2017";"19084";"69";"2,21";"52";"8,3";"42,8"
"Westervoort";"2017";"14991";"2133";"2,25";"49";"6,6";"39,7"
"Westerwolde";"2017";"";"";"";"";"";""
"Westkapelle";"2017";"";"";"";"";"";""
"Westland";"2017";"105632";"1300";"2,36";"554";"43,9";"46,3"
"Weststellingwerf";"2017";"25608";"116";"2,25";"66";"11,1";"38,4"
"Westvoorne";"2017";"14257";"268";"2,19";"57";"6,4";"53,5"
"Wierden";"2017";"24225";"256";"2,56";"60";"9,4";"47,6"
"Wieringen";"2017";"";"";"";"";"";""
"Wieringermeer";"2017";"";"";"";"";"";""
"Wijchen";"2017";"40876";"617";"2,34";"303";"17,2";"44,2"
"Wijdemeren";"2017";"23447";"492";"2,25";"88";"10,2";"52,0"
"Wijhe";"2017";"";"";"";"";"";""
"De Wijk";"2017";"";"";"";"";"";""
"Wijk bij Duurstede";"2017";"23502";"493";"2,37";"34";"9,8";"47,7"
"Willemstad";"2017";"";"";"";"";"";""
"Winschoten";"2017";"";"";"";"";"";""
"Winsum";"2017";"13596";"134";"2,29";"8";"5,8";"40,2"
"Winterswijk";"2017";"28912";"210";"2,24";"34";"12,5";"39,5"
"Wisch";"2017";"";"";"";"";"";""
"Wittem";"2017";"";"";"";"";"";""
"Woensdrecht";"2017";"21837";"238";"2,27";"68";"9,4";"42,5"
"Woerden";"2017";"51513";"577";"2,37";"170";"21,2";"48,5"
"Wognum";"2017";"";"";"";"";"";""
"De Wolden";"2017";"23744";"106";"2,36";"60";"9,9";"44,9"
"Wormerland";"2017";"15820";"410";"2,27";"82";"6,9";"45,7"
"Woudenberg";"2017";"12701";"348";"2,54";"34";"4,9";"48,2"
"Woudrichem";"2017";"14539";"294";"2,45";"85";"5,8";"46,4"
"Wouw";"2017";"";"";"";"";"";""
"Wûnseradiel";"2017";"";"";"";"";"";""
"Wymbritseradiel";"2017";"";"";"";"";"";""
"Zaanstad";"2017";"153679";"2080";"2,21";"398";"68,2";"39,7"
"Zaltbommel";"2017";"27728";"348";"2,51";"186";"10,9";"46,2"
"Zandvoort";"2017";"16899";"526";"1,96";"0";"8,3";"42,2"
"Zederik";"2017";"13842";"188";"2,55";"27";"5,3";"48,6"
"Zeevang";"2017";"";"";"";"";"";""
"Zeewolde";"2017";"22457";"91";"2,39";"35";"9,1";"44,4"
"Zeist";"2017";"62830";"1295";"2,13";"287";"27,1";"50,2"
"Zelhem";"2017";"";"";"";"";"";""
"Zevenaar";"2017";"32379";"608";"2,18";"66";"14,6";"39,6"
"Zevenbergen";"2017";"";"";"";"";"";""
"Zevenhuizen-Moerkapelle";"2017";"";"";"";"";"";""
"Zierikzee";"2017";"";"";"";"";"";""
"Zijpe";"2017";"";"";"";"";"";""
"Zoetermeer";"2017";"124763";"3616";"2,23";"211";"54,9";"42,3"
"Zoeterwoude";"2017";"8367";"394";"2,37";"46";"3,3";"49,8"
"Zuidhorn";"2017";"18859";"150";"2,44";"81";"7,6";"43,9"
"Zuidlaren";"2017";"";"";"";"";"";""
"Zuidplas";"2017";"41468";"695";"2,43";"214";"16,8";"49,0"
"Zuidwolde";"2017";"";"";"";"";"";""
"Zundert";"2017";"21657";"179";"2,24";"98";"9,3";"44,1"
"Zutphen";"2017";"47340";"1156";"2,13";"187";"21,4";"37,8"
"Zwartewaterland";"2017";"22309";"270";"2,64";"101";"8,3";"45,4"
"Zwartsluis";"2017";"";"";"";"";"";""
"Zweeloo";"2017";"";"";"";"";"";""
"Zwijndrecht";"2017";"44417";"2183";"2,21";"33";"19,7";"40,9"
"Zwolle";"2017";"125548";"1128";"2,13";"460";"55,0";"40,4"
